Project Name,Street Name,Developer,Total Units in Project,No. of Detached,No. of Semi-Detached,No. of Terrace,No. of Apartments,No. of Condominiums,No. of Executive Condominiums,Total Units By Construction Status (Planned),Total Units By Construction Status (Under Construction),Total Units By Construction Status (TOP),Uncompleted Units - Without Pre-requisites,Uncompleted Units - With Pre-requisites (Total),Uncompleted Units - With Pre-requisites (Not Launched),Uncompleted Units - With Pre-requisites (Launched),Uncompleted Units - With Pre-requisites (Sold),Uncompleted Units - With Pre-requisites (Launched but Unsold),Completed Units - With Pre-requisites (Total),Completed Units - With Pre-requisites (Completed & Sold),Completed Units - With Pre-requisites (Completed & Unsold),Written Permission Date
1 Moulmein Rise,Moulmein Rise,UOL Development Pte Ltd,50,0,0,0,50,0,0,0,50,0,0,50,0,50,50,0,0,0,0,Nov 2000
11 Amber Road,Amber Road,Taramon Pte Ltd,40,0,0,0,40,0,0,0,40,0,0,40,33,7,7,0,0,0,0,Mar 2002
17 on Barker,Barker Road,Octavus Properties Pte Ltd,6,6,0,0,0,0,0,0,6,0,0,6,6,0,0,0,0,0,0,Jul 2001
8 on chuan,Chuan Drive,Netwoods Pte Ltd,8,0,0,8,0,0,0,0,8,0,0,8,0,8,3,5,0,0,0,Apr 2002
Adam Park Condominium,Adam Road/Shelford Road,Shelford Properties Pte Ltd,118,0,0,0,0,118,0,0,118,0,0,118,0,118,83,35,0,0,0,Apr 2001
Additions and alterations to existing  People's Park Complex,Park Road,The MCST Plan No. 473,10,0,0,0,10,0,0,0,10,0,10,0,0,0,0,0,0,0,0,Mar 1999
Alessandrea,Alexandra Road,Poh Lian Realty Pte Ltd,105,0,0,0,105,0,0,0,105,0,0,105,0,105,60,45,0,0,0,Jan 1996
Amaranda Gardens,Serangoon Avenue 3,Sherwood Development Pte Ltd,189,0,0,0,0,189,0,0,189,0,0,189,0,189,186,3,0,0,0,Aug 2001
Amaryllis Ville,Newton Road,Wingrove Investment Pte Ltd,311,0,0,0,0,311,0,0,311,0,0,311,237,74,34,40,0,0,0,Feb 1999
Apleton View,Moulmein Rise/Sinaran Drive,Yong Da Development Pte Ltd,37,0,0,0,37,0,0,0,37,0,0,37,0,37,23,14,0,0,0,Sep 2000
Aquarius By The Park,Bedok Reservoir View,First Bedok Land Pte Ltd,720,0,0,0,0,720,0,0,0,720,0,0,0,0,0,0,720,716,4,Dec 1996
Aspen Loft,Joo Chiat Terrace,Spencefield Pte Ltd,30,0,0,0,30,0,0,30,0,0,30,0,0,0,0,0,0,0,0,Feb 1995
Athena Ville,Lorong 29 Geylang,Melodies Limited,13,0,0,0,13,0,0,0,13,0,0,13,13,0,0,0,0,0,0,Apr 2000
Balmoral 8,Balmoral Road,Pine Tree Condominium Pte Ltd,40,0,0,0,0,40,0,0,40,0,0,40,0,40,16,24,0,0,0,Sep 1999
Balmoral Crest,Balmoral Crescent,First Balmoral Development Pte Ltd,24,0,0,0,24,0,0,0,0,24,0,0,0,0,0,0,24,1,23,Aug 2000
Balmoral Heights,Balmoral Crescent,Fook Tong Nam Construction Pte Ltd,44,0,0,0,44,0,0,0,44,0,0,44,0,44,1,43,0,0,0,Sep 2001
Balmoral Place,Balmoral Crescent,HH Investment Pte Ltd,28,0,0,0,28,0,0,0,0,28,0,0,0,0,0,0,28,1,27,Dec 1996
Banyan Villas,Lentor Road,Tai Lai Holdings Pte Ltd,64,0,2,62,0,0,0,0,64,0,0,64,0,64,47,17,0,0,0,Oct 1999
Bedok Grove,Bedok Road/Bedok Ria Terrace,Ho Lee Investments Pte Ltd & Sound Life Centre Pte Ltd,40,0,0,40,0,0,0,0,40,0,0,40,0,40,31,9,0,0,0,Feb 1996
Belmond Green,Balmoral Road/Ewe Boon Road,CRL Realty Pte Ltd,211,0,0,0,0,211,0,0,211,0,0,211,91,120,77,43,0,0,0,May 2002
Belmondo View,Pegu Road,W & Tang Development Pte Ltd,22,0,0,0,22,0,0,0,0,22,0,0,0,0,0,0,22,15,7,Feb 2001
Binjai Crest,Jalan Kampong Chantek,Binjai Crest Pte Ltd,125,0,2,123,0,0,0,0,125,0,0,125,0,125,101,24,0,0,0,Mar 1998
Bishan Loft,Bishan Street 11,Bishan EC Pte Ltd,384,0,0,0,0,0,384,0,384,0,0,384,0,384,384,0,0,0,0,Apr 2001
Bishan Point,Bright Hill Drive,First Coventry Development Pte Ltd,164,0,0,0,0,164,0,164,0,0,0,164,0,164,143,21,0,0,0,Nov 1998
Blue Horizon,West Coast Crescent,Blue Horizon Properties Pte Ltd,616,0,0,0,0,616,0,0,616,0,0,616,0,616,364,252,0,0,0,Dec 2000
Bukit Villas,Woodlands Road,Wan Fu Investments Pte Ltd,121,5,116,0,0,0,0,117,2,2,0,119,119,0,0,0,2,0,2,Jun 1999
Butterworth 8,Butterworth Lane/Ipoh Lane/Tanjong Katong Road,Keppel Land Realty Pte Ltd,216,0,0,0,0,216,0,0,216,0,0,216,0,216,216,0,0,0,0,Oct 2000
Cairnhill Crest,Cairnhill Circle,Glenfield Investments Pte Ltd,248,0,0,0,0,248,0,0,248,0,0,248,248,0,0,0,0,0,0,Jul 2001
Cairnhill View,Cairnhill Rise,Far East Organisation Centre Pte Ltd,55,0,0,0,55,0,0,0,55,0,0,55,55,0,0,0,0,0,0,Jun 1997
Calarasi,Kim Keat Lane,Calarasi Pte Ltd,99,0,0,0,99,0,0,0,99,0,0,99,0,99,49,50,0,0,0,Mar 2001
Canary Ville,Lorong J Telok Kurau,Sino Holdings (S) Pte Ltd,18,0,0,0,18,0,0,0,18,0,0,18,0,18,16,2,0,0,0,Jul 2001
Caribbean at Keppel Bay,Keppel Bay Drive,Keppel Bay Pte Ltd,969,0,0,0,0,969,0,0,969,0,0,969,539,430,305,125,0,0,0,May 2000
Casa Robina,Robin Road,Yong Shuey Land Pte Ltd,49,0,0,0,49,0,0,0,49,0,0,49,0,49,3,46,0,0,0,Apr 1996
Casabella,Duchess Avenue,CRL Realty Pte Ltd,82,0,0,0,0,82,0,82,0,0,0,82,22,60,20,40,0,0,0,Mar 2002
Casablanca,Rosewood Drive/Woodlands Avenue 2,Mediterranean Properties Pte Ltd,478,0,0,0,0,478,0,478,0,0,0,478,0,478,285,193,0,0,0,Mar 2002
Cascadia,Bukit Timah Road,Boonridge Pte Ltd,288,0,0,0,0,288,0,0,288,0,0,288,288,0,0,0,0,0,0,Jan 1997
Cashew Villas (Phase 2)/Cashew Hill (Phase 3),Cashew Road,Lucky Realty Co Pte Ltd,117,8,16,93,0,0,0,45,21,51,20,46,6,40,5,35,51,50,1,Feb 1989
Central Meadows,Lorong 34 Geylang,Fragrance Land Pte Ltd,24,0,0,0,24,0,0,0,0,24,0,0,0,0,0,0,24,24,0,Aug 2001
Century Towers,Thomson Road/Jalan Korma,Thomson Peak Pte Ltd,284,0,0,0,0,284,0,284,0,0,0,284,284,0,0,0,0,0,0,Dec 1997
Changi Heights,Toh Close/Tampines Road/Upper Changi Road North,Tuan Huat Investment Co Pte Ltd,104,4,4,96,0,0,0,4,23,77,4,23,4,19,0,19,77,57,20,May 1996
Changi Rise,Upper Changi Road East,City Developments Ltd,598,0,0,0,0,598,0,0,598,0,0,598,0,598,538,60,0,0,0,Jan 2001
Charisma View,Jalan Jurong Kechil,Prince Development Pte Ltd,36,0,0,0,36,0,0,0,36,0,0,36,0,36,32,4,0,0,0,Oct 1996
Charleston,Shanghai Road,Cosland (SR) Development Pte Ltd,48,0,0,0,48,0,0,0,0,48,0,0,0,0,0,0,48,13,35,Mar 1998
Cherry Gardens,Lorong Lew Lian,Ong Lye Development Pte Ltd,48,0,0,0,48,0,0,0,48,0,0,48,48,0,0,0,0,0,0,Nov 1997
Chiselhurst Green (Land Parcel 610),Chuan Link,Chiselhurst Green Pte Ltd,8,0,0,8,0,0,0,0,8,0,0,8,0,8,8,0,0,0,0,Aug 2001
Chiselhurst Green (Land Parcel 611),Chuan Drive,Chiselhurst Green Pte Ltd,8,0,0,8,0,0,0,0,8,0,0,8,0,8,8,0,0,0,0,Aug 2001
Chiverton,Ewe Boon Road,Strike Development Pte Ltd,15,0,0,0,15,0,0,0,15,0,0,15,0,15,1,14,0,0,0,Sep 2000
Choon Kim House,Upper Serangoon Road,Choon Kim Investment Pte Ltd,10,0,0,0,10,0,0,0,0,10,0,0,0,0,0,0,10,8,2,Mar 1997
Chuan Green Phase 2 (Land Parcel T10),Lorong Chuan,CES-Chuan Garden Pte Ltd,9,0,0,9,0,0,0,0,0,9,0,0,0,0,0,0,9,9,0,Jul 2001
Chuan Green Phase 2 (Land Parcels 608 & 609),Chuan Link,Henda Development Pte Ltd,8,0,0,8,0,0,0,0,8,0,0,8,8,0,0,0,0,0,0,Oct 2001
Chuan Green Phase 2 (Land Parcels 614 & 615),Chuan Link,Yong Da Properties Pte Ltd,9,0,0,9,0,0,0,0,9,0,0,9,0,9,7,2,0,0,0,May 2001
Chuan Green Phase 3 (Land Parcel 643),Chuan Drive,Chuan Tat Development Pte Ltd,7,0,0,7,0,0,0,0,7,0,0,7,0,7,6,1,0,0,0,Jan 2002
Chuan Green Phase 3 (Land Parcel 644),Jalan Nira,Aurum Development Pte Ltd,8,0,0,8,0,0,0,0,8,0,8,0,0,0,0,0,0,0,0,Mar 2002
Chuan Green Phase 3 (Land Parcel 647),Chuan Drive,Kim Hoe Realty (Chuan Drive) Pte Ltd,6,0,0,6,0,0,0,6,0,0,6,0,0,0,0,0,0,0,0,Sep 2002
Chuan Green Phase 3 (Land Parcels T16-1 & T16-2),Chuan Drive/Jalan Nira,CES-Chuan Green Pte Ltd,9,0,0,9,0,0,0,0,9,0,0,9,0,9,6,3,0,0,0,Dec 2001
City Square,Kitchener Road,City Developments Ltd,744,0,0,0,744,0,0,744,0,0,744,0,0,0,0,0,0,0,0,Dec 1992
City Vale,Sophia Road,Skyline Development Pte Ltd,19,0,0,0,19,0,0,0,19,0,0,19,0,19,15,4,0,0,0,Dec 1999
Cluster housing development,Miltonia Close/Yishun Avenue 1,Yishun Residency Pte Ltd,254,0,0,254,0,0,0,0,254,0,0,254,254,0,0,0,0,0,0,Aug 2001
Cluster housing development,Mount Rosie Road,Mdm Lee Mee Yean @ Lee Wai Chin,6,0,0,6,0,0,0,0,6,0,6,0,0,0,0,0,0,0,0,Apr 1998
Cluster housing development,Brighton Crescent,Leads Investments Pte Ltd,7,0,4,3,0,0,0,0,7,0,7,0,0,0,0,0,0,0,0,Apr 2001
Cluster housing development,Hindhede Drive,Maylands Investment Pte Ltd,32,0,0,32,0,0,0,32,0,0,32,0,0,0,0,0,0,0,0,-
Cluster housing development,Mount Rosie Road,Casuarina Properties Pte Ltd,193,0,2,191,0,0,0,193,0,0,193,0,0,0,0,0,0,0,0,Feb 1999
Compass Height,Sengkang Square,Nasidon Investments Pte Ltd,536,0,0,0,536,0,0,0,0,536,0,0,0,0,0,0,536,517,19,May 2000
Condominium development,Jalan Rumbia,Hind Hotels International Ltd,216,0,0,0,0,216,0,216,0,0,216,0,0,0,0,0,0,0,0,-
Condominium development,Telok Blangah Road,Keppel Bay Pte Ltd,101,0,0,0,0,101,0,101,0,0,101,0,0,0,0,0,0,0,0,-
Condominium development,Paya Lebar Crescent,Kota Development Pte Ltd,126,0,0,0,0,126,0,126,0,0,126,0,0,0,0,0,0,0,0,May 2002
Condominium development,Flora Drive,Tripartite Developers Pte Ltd,406,0,0,0,0,406,0,406,0,0,406,0,0,0,0,0,0,0,0,Jun 2002
Condominium development,Kampong Eunos/Sims Avenue East,Hong Leong Holdings Ltd,49,0,0,0,0,49,0,49,0,0,49,0,0,0,0,0,0,0,0,-
Condominium development,Bedok Reservoir Road/Bedok North Avenue 3,Bedok Properties Pte Ltd,237,0,0,0,0,237,0,0,237,0,237,0,0,0,0,0,0,0,0,Mar 2002
Condominium development,Jalan Rendang/St. Patrick's Road,Pulau Properties Pte Ltd,105,0,0,0,0,105,0,105,0,0,105,0,0,0,0,0,0,0,0,-
Condominium development,Boon Lay Way/Corporation Road,CPL Boon Lay Pte Ltd,369,0,0,0,0,369,0,0,369,0,369,0,0,0,0,0,0,0,0,Sep 2002
Condominium development,Thomson Road,Times Thomson Pte Ltd,472,0,0,0,0,472,0,472,0,0,472,0,0,0,0,0,0,0,0,-
Condominium development,Carpmael Road,Great Wealth Holdings Pte Ltd,52,0,0,0,0,52,0,0,52,0,52,0,0,0,0,0,0,0,0,Aug 2002
Condominium development,Balmoral Park,Artesian Investments Pte Ltd,68,0,0,0,0,68,0,68,0,0,68,0,0,0,0,0,0,0,0,-
Condominium development,Lengkong Tiga,Pencroft Investments Pte Ltd,250,0,0,0,0,250,0,250,0,0,250,0,0,0,0,0,0,0,0,-
Condominium development,East Coast Road/Lorong N Telok Kurau,Poshgrove Pte Ltd,68,0,0,0,0,68,0,68,0,0,68,0,0,0,0,0,0,0,0,-
Condominium development,Ang Mo Kio Avenue 5/Ang Mo Kio Avenue 8,Ang Mo Kio Properties Ltd,560,0,0,0,0,560,0,560,0,0,560,0,0,0,0,0,0,0,0,-
Condominium development,Farrer Road/Holland Road,Asia Industrial Development Pte Ltd,42,0,0,0,0,42,0,42,0,0,42,0,0,0,0,0,0,0,0,-
Condominium development,Evelyn Road,City Developments Ltd,208,0,0,0,0,208,0,208,0,0,208,0,0,0,0,0,0,0,0,Jun 2001
Condominium development,Telok Blangah Road,Harbourfront Three Pte Ltd,204,0,0,0,0,204,0,204,0,0,204,0,0,0,0,0,0,0,0,-
Condominium development,Grange Garden/Grange Road,Grange Development Pte Ltd,91,0,0,0,0,91,0,91,0,0,0,91,91,0,0,0,0,0,0,Jul 2001
Condominium development,Chwee Chian Road/Lorong Sarhad,Feature Land Pte Ltd,54,0,0,0,0,54,0,54,0,0,54,0,0,0,0,0,0,0,0,Feb 2002
Condominium development,Cairnhill Circle,The MCST Plan No. 544,151,0,0,0,0,151,0,151,0,0,151,0,0,0,0,0,0,0,0,-
Condominium development,St. Martin's Drive,Leonie Court Pte Ltd,59,0,0,0,0,59,0,59,0,0,59,0,0,0,0,0,0,0,0,-
Condominium development,Jalan Daliah/Meyer Road,CRL Realty Pte Ltd,374,0,0,0,0,374,0,374,0,0,374,0,0,0,0,0,0,0,0,Feb 2001
Condominium development,Nassim Road,Powerford Pte Ltd,26,0,0,0,0,26,0,0,26,0,0,26,26,0,0,0,0,0,0,Sep 2001
Condominium development,Elizabeth Drive/Hillview Avenue,Beauty World Properties Pte Ltd,125,0,0,0,0,125,0,125,0,0,125,0,0,0,0,0,0,0,0,Mar 2000
Condominium development,Arnasalam Chetty Road/Narayanan Chetty Road,Hock Giap Land Pte Ltd,75,0,0,0,0,75,0,75,0,0,75,0,0,0,0,0,0,0,0,Nov 1997
Condominium development,Hillview Avenue,Hong Moh Properties Pte Ltd,189,0,0,0,0,189,0,189,0,0,189,0,0,0,0,0,0,0,0,Aug 1998
Condominium development,Nassim Road,Hong Leong Holdings Ltd,40,0,0,0,0,40,0,40,0,0,40,0,0,0,0,0,0,0,0,Feb 1997
Condominium development,Sixth Avenue,Mansfield Developments Pte Ltd,163,0,0,0,0,163,0,163,0,0,0,163,163,0,0,0,0,0,0,Feb 1998
Condominium development,Scotts Road,Leonie Court Pte Ltd,150,0,0,0,0,150,0,150,0,0,150,0,0,0,0,0,0,0,0,Nov 2001
Condominium development,Draycott Drive,Winworth Investment Pte Ltd,182,0,0,0,0,182,0,182,0,0,0,182,182,0,0,0,0,0,0,Oct 2001
Condominium development,Kim Seng Road,Kim Seng Properties Pte Ltd,248,0,0,0,0,248,0,248,0,0,248,0,0,0,0,0,0,0,0,Jun 1999
Condominium development,Hindhede Road,Island Holdings Pte Ltd,296,0,0,0,0,296,0,296,0,0,296,0,0,0,0,0,0,0,0,-
Condominium development,Mount Sophia,Sophia Mansions Pte Ltd,125,0,0,0,0,125,0,0,125,0,125,0,0,0,0,0,0,0,0,Jul 2000
Condominium development,Ardmore Park,Actbilt Pte Ltd,116,0,0,0,0,116,0,116,0,0,116,0,0,0,0,0,0,0,0,-
Condominium development,Balmoral Road,City Developments Ltd,92,0,0,0,0,92,0,92,0,0,92,0,0,0,0,0,0,0,0,Apr 2001
Condominium development,Bukit Timah Road,Keppel Land Realty Pte Ltd,70,0,0,0,0,70,0,70,0,0,70,0,0,0,0,0,0,0,0,-
Condominium development,Shelford Road,City Developments Ltd,46,0,0,0,0,46,0,46,0,0,46,0,0,0,0,0,0,0,0,Mar 2001
Condominium development,Grange Road,City Developments Ltd,146,0,0,0,0,146,0,146,0,0,146,0,0,0,0,0,0,0,0,Feb 2001
Condominium development,Devonshire Road,Baysha Investments Pte Ltd,159,0,0,0,0,159,0,159,0,0,159,0,0,0,0,0,0,0,0,Feb 2001
Condominium development,Lincoln Road/Newton Road,The Great Eastern Life Assurance Co Ltd,190,0,0,0,0,190,0,0,190,0,190,0,0,0,0,0,0,0,0,Mar 2001
Condominium development,Paterson Road,First Capital Realty Pte Ltd,118,0,0,0,0,118,0,118,0,0,118,0,0,0,0,0,0,0,0,Apr 2001
Condominium development,Dunearn Road,YHS Canning Pte Ltd,318,0,0,0,0,318,0,318,0,0,318,0,0,0,0,0,0,0,0,Aug 2002
Condominium development,Dunearn Road,YHS Canning Pte Ltd,119,0,0,0,0,119,0,119,0,0,119,0,0,0,0,0,0,0,0,Apr 2002
Condominium development,River Valley Road,Sherwood Development Pte Ltd,126,0,0,0,0,126,0,126,0,0,126,0,0,0,0,0,0,0,0,Jul 2001
Condominium development,Meyer Road,Sherwood Development Pte Ltd,167,0,0,0,0,167,0,167,0,0,167,0,0,0,0,0,0,0,0,Sep 2001
Condominium development,Nassim Hill,CRL Realty Pte Ltd,90,0,0,0,0,90,0,90,0,0,90,0,0,0,0,0,0,0,0,-
Condominium development,Lloyd Road,CRL Realty Pte Ltd,100,0,0,0,0,100,0,100,0,0,100,0,0,0,0,0,0,0,0,-
Condominium development (plot 1),Bukit Chermin Road/Telok Blangah Road,Keppel Bay Pte Ltd,1315,0,0,0,0,1315,0,0,1315,0,1315,0,0,0,0,0,0,0,0,Nov 2000
Condominium development (plot 3),Telok Blangah Road,Keppel Bay Pte Ltd,307,0,0,0,0,307,0,0,307,0,307,0,0,0,0,0,0,0,0,Dec 2000
Condominium development/residential apartments,Jago Close,Pulau Properties Pte Ltd,200,0,0,0,18,182,0,200,0,0,200,0,0,0,0,0,0,0,0,Nov 1999
Condominium/landed housing developments,Mount Emily Road,Mount Emily Properties Pte Ltd,99,0,0,1,0,98,0,99,0,0,99,0,0,0,0,0,0,0,0,Jan 1998
Costa del Sol,Bayshore Road,Japura Development Pte Ltd,906,0,0,0,0,906,0,0,906,0,0,906,619,287,287,0,0,0,0,Apr 1999
Cote d'Azur,Marine Parade Road/East Coast Parkway,Marine Parade View Pte Ltd,612,0,0,0,0,612,0,0,612,0,0,612,0,612,578,34,0,0,0,Feb 2002
Country Park,Bedok Road,UOL Development Pte Ltd,160,0,0,0,0,160,0,0,160,0,0,160,0,160,137,23,0,0,0,May 2001
Craig Place,Craig Road,Craig Development Pte Ltd,58,0,0,0,58,0,0,0,0,58,0,0,0,0,0,0,58,57,1,Apr 1998
Crystal Lodge,Lorong 16 Geylang,Sum Keong Development Pte Ltd,26,0,0,0,26,0,0,0,0,26,0,0,0,0,0,0,26,3,23,Mar 2000
Cuscaden Residence,Cuscaden Road,Admor Investments Pte Ltd,150,0,0,0,0,150,0,0,0,150,0,0,0,0,0,0,150,149,1,Mar 1997
D'Ecosia,Marine Parade Road/Martia Road/Still Road South,Hong Lai Huat Realty Pte Ltd,73,0,0,0,0,73,0,0,73,0,0,73,0,73,60,13,0,0,0,Jun 2001
D'Saville,Jalan Tenggiri,Everspring Property Pte Ltd,16,0,0,0,16,0,0,0,16,0,0,16,0,16,16,0,0,0,0,Nov 2001
Dahlia Park Condominium,Flora Road/Flora Drive,Tripartite Developers Pte Ltd,299,0,0,0,0,299,0,0,299,0,0,299,0,299,270,29,0,0,0,Jul 2000
Derbyshire Heights,Derbyshire Road,Lian Beng Realty Pte Ltd,24,0,0,0,24,0,0,0,24,0,0,24,0,24,13,11,0,0,0,Dec 2001
Devonshire Residences,Devonshire Road,Devonshire Peak Pte Ltd,124,0,0,0,0,124,0,124,0,0,124,0,0,0,0,0,0,0,0,Aug 2001
Duchess Manor,Duchess Road,Ivory Investments Pte Ltd,52,0,0,0,0,52,0,0,52,0,0,52,0,52,22,30,0,0,0,Oct 2000
Dunman View,Dunman Road/Haig Road,Dunman Heights Pte Ltd,148,0,0,0,0,148,0,0,148,0,0,148,71,77,35,42,0,0,0,May 1998
Eastside Loft,Tanjong Katong Road,ACT-Nobel Homes Pte Ltd,20,0,0,0,20,0,0,0,20,0,0,20,0,20,10,10,0,0,0,Aug 2000
Eastwood Park (plot T16),Eastwood Walk,Le Grandeza Development Pte Ltd,10,0,0,10,0,0,0,0,0,10,0,0,0,0,0,0,10,8,2,Mar 1996
Edelweiss Park,Upper Changi Road North,Tripartite Developers Pte Ltd,517,0,0,0,0,517,0,0,517,0,0,517,0,517,142,375,0,0,0,Aug 2000
English Villas,Bedok Rise/Bedok Close,Liwen Holdings Pte Ltd,11,1,10,0,0,0,0,0,0,11,0,0,0,0,0,0,11,11,0,Aug 1996
Everitt Green,Everitt Road North,Sunrich Investment Pte Ltd,15,0,0,0,15,0,0,0,15,0,0,15,0,15,6,9,0,0,0,Dec 2001
Fairmount Condominium,Eastwood Road,Fairmount Development Pte Ltd,64,0,0,0,0,64,0,0,0,64,0,0,0,0,0,0,64,51,13,Nov 1996
Fernhill Cottage,Fernhill Road,SB Development Pte Ltd,14,0,0,14,0,0,0,0,0,14,0,0,0,0,0,0,14,10,4,Feb 1998
Florida Park (Phases 3 & 4),Yio Chu Kang Road,Bullion Holdings Pte Ltd,139,0,2,137,0,0,0,130,9,0,59,80,80,0,0,0,0,0,0,Apr 2001
Forest Hills Condominium,Transit Road,Kedron Investments Pte Ltd,128,0,0,0,0,128,0,0,128,0,0,128,0,128,128,0,0,0,0,Feb 2000
Fortune Jade,Dunman Road/Tanjong Katong Road,Fortune Realty Pte Ltd,85,0,0,0,85,0,0,0,85,0,0,85,0,85,80,5,0,0,0,Jun 2000
Fortune Spring,Palm Road,Fortune Development Pte Ltd,24,0,0,0,24,0,0,0,24,0,0,24,0,24,24,0,0,0,0,Oct 2000
Freesia Woods,Sunset Way,Keppel Land Realty Pte Ltd,129,0,0,0,0,129,0,0,129,0,0,129,79,50,31,19,0,0,0,May 2000
Gallery 8,Pulasan Road,Fortune Development Pte Ltd,32,0,0,0,32,0,0,32,0,0,0,32,0,32,29,3,0,0,0,Jun 2002
Gerald Residence,Gerald Crescent,JYS Realty Pte Ltd,30,0,0,30,0,0,0,0,0,30,0,0,0,0,0,0,30,30,0,Jun 2000
Geylang Heritage,Lorong 34 Geylang,Lido Developments Pte Ltd,35,0,0,0,35,0,0,0,0,35,0,0,0,0,0,0,35,32,3,Jun 1995
Gilstead Brooks,Gilstead Road,Petesbury Pte Ltd,28,0,2,26,0,0,0,28,0,0,0,28,28,0,0,0,0,0,0,Aug 2002
Gisborne Light,Ewe Boon Road,Hor Kew Pte Ltd,17,0,0,0,17,0,0,0,17,0,0,17,0,17,16,1,0,0,0,Mar 2000
Glasgow Green,Glasgow Road/Leith Road,Opex Investments Pte Ltd,8,1,0,7,0,0,0,0,8,0,0,8,0,8,1,7,0,0,0,Apr 2002
Glentrees,Mount Sinai Lane,Leonie Court Pte Ltd,176,0,0,0,0,176,0,0,176,0,0,176,176,0,0,0,0,0,0,Jul 2002
Global Ville,Jalan Raja Udang,GGet Land Pte Ltd,48,0,0,0,48,0,0,0,0,48,0,0,0,0,0,0,48,42,6,May 1997
Goldearth Lodge,Joo Chiat Place,Goldearth Development Pte Ltd,12,0,0,0,12,0,0,0,0,12,0,0,0,0,0,0,12,0,12,Jan 2001
Golden Heights,Serangoon Avenue 3,Landmark Investments Pte Ltd,53,0,0,0,53,0,0,0,53,0,0,53,0,53,53,0,0,0,0,Aug 2000
Goldenhill Park Condominium,Mei Hwan Drive/Ang Mo Kio Avenue 1/Lorong Chuan,City Developments Ltd,390,0,0,0,0,390,0,0,390,0,0,390,0,390,325,65,0,0,0,Dec 2000
Goldenhill Villas,Ang Mo Kio Avenue 1,City Developments Ltd,83,0,2,81,0,0,0,0,83,0,0,83,23,60,44,16,0,0,0,Aug 2001
Goodwood Gardens,Balmoral Crescent,Trade & Industrial Development Pte Ltd,29,0,0,0,29,0,0,0,29,0,0,29,29,0,0,0,0,0,0,Feb 2001
Grange Residences,Grange Road/Tanglin Road,Marco Polo Developments Ltd,164,0,0,0,0,164,0,0,164,0,0,164,152,12,8,4,0,0,0,Jun 1997
Green Springs,Gerald Crescent,Hern's Realty Pte Ltd,17,1,6,10,0,0,0,0,0,17,0,0,0,0,0,0,17,15,2,Mar 1997
Grosvenor View,Lengkong Empat,SB Development Pte Ltd,93,0,0,0,0,93,0,0,93,0,0,93,0,93,54,39,0,0,0,Dec 2001
Haig Court,Haig Road,The Great Eastern Life Assurance Co Ltd,360,0,0,0,0,360,0,0,360,0,0,360,360,0,0,0,0,0,0,Apr 1996
Haig Ten,Haigsville Drive,Wah Khiaw Properties Pte Ltd,10,0,0,0,10,0,0,0,0,10,0,0,0,0,0,0,10,10,0,Jun 2001
Henley Gardens,Jalan Arif,YHS Hougang Pte Ltd,36,0,0,36,0,0,0,0,0,36,0,0,0,0,0,0,36,31,5,Mar 1998
Hilltop Grove,Hillview Avenue,AFP Hillview Pte Ltd,192,0,0,0,0,192,0,0,0,192,0,0,0,0,0,0,192,172,20,Aug 1997
Hillview 128,Hillview Avenue/Jalan Remaja,128 Development Pte Ltd,90,0,0,0,90,0,0,0,0,90,0,0,0,0,0,0,90,73,17,Apr 1996
Hillview Regency,Hillview Avenue/Bukit Batok East Avenue 2,Hillview Regency Pte Ltd,572,0,0,0,0,572,0,0,572,0,0,572,144,428,131,297,0,0,0,Aug 2000
Hillview Residence,Hillview Avenue,JYS Development Pte Ltd,98,0,0,0,0,98,0,0,0,98,0,0,0,0,0,0,98,98,0,Sep 1999
Holland Mews,Holland Road,Goldplus Investments Pte Ltd,21,0,0,0,21,0,0,0,21,0,0,21,21,0,0,0,0,0,0,Sep 2001
Holland Residences,Taman Warna,Holland Village Development Pte Ltd,108,0,0,0,0,108,0,108,0,0,108,0,0,0,0,0,0,0,0,Sep 2000
Holland Vale (Plots 1 to 7),Holland Park,Lion (S) Pte Ltd,7,7,0,0,0,0,0,0,7,0,0,7,7,0,0,0,0,0,0,Dec 1996
Holland Vale (plot 11),Holland Park,Lion (S) Pte Ltd,1,1,0,0,0,0,0,0,1,0,0,1,1,0,0,0,0,0,0,Jan 1997
Horizon Gardens,Ang Mo Kio Avenue 2/Ang Mo Kio Avenue 5,Thomson Green Pte Ltd,157,0,2,155,0,0,0,0,0,157,0,0,0,0,0,0,157,155,2,Jul 1997
Horizon Green,Ang Mo Kio Avenue 2,Thomson Vale Pte Ltd,72,0,4,68,0,0,0,0,72,0,0,72,0,72,68,4,0,0,0,Oct 1997
Icon Point,Essex Road,Arts Associate Co Pte Ltd,114,0,0,0,114,0,0,114,0,0,0,114,114,0,0,0,0,0,0,Jul 1997
Jansen Spring,Jansen Road,De Paradiso Development Pte Ltd,16,0,0,0,16,0,0,0,0,16,0,0,0,0,0,0,16,8,8,Nov 1996
Jervois Jade,Jervois Close/Jervois Road,Guthrie Jervois Pte Ltd,45,0,0,0,45,0,0,0,0,45,0,0,0,0,0,0,45,26,19,Jul 1997
Jervois Regency,Jervois Road,Pine Tree Properties Pte Ltd,38,0,0,0,38,0,0,0,38,0,0,38,0,38,37,1,0,0,0,Mar 2001
Kerrisdale,Beatty Road/Sturdee Road,Beatty Holdings Pte Ltd,481,0,0,0,0,481,0,481,0,0,0,481,141,340,156,184,0,0,0,May 2000
Kim Keat Gardens,Kim Keat Road,Kim Keat Garden Pte Ltd,24,0,0,0,24,0,0,0,24,0,0,24,0,24,15,9,0,0,0,Sep 2001
Knox View,Lorong M Telok Kurau,Liong Kiam Teck & Neo Tiam Poon alias Neo Thiam Poon,8,0,0,0,8,0,0,0,8,0,0,8,0,8,1,7,0,0,0,Feb 2001
Kovan 81,Kovan Road,Sino Tac Holding Pte Ltd,29,0,0,0,29,0,0,0,0,29,0,0,0,0,0,0,29,22,7,Sep 1997
La Nouvelle,Shrewsbury Road,Macly Pte Ltd,9,0,0,0,9,0,0,0,9,0,0,9,1,8,4,4,0,0,0,May 2001
La Salle Villas,La Salle Street,Chye Wah Sennett Pte Ltd,9,0,0,9,0,0,0,0,0,9,0,0,0,0,0,0,9,2,7,Jul 2000
Land Resource Centre,Bukit Timah Road,Land Resources Development Pte Ltd,14,0,0,0,14,0,0,0,0,14,0,0,0,0,0,0,14,12,2,Oct 1994
Landed housing development,Parbury Avenue/Riveira Drive,Chip Hup Kee Construction Pte Ltd,5,1,4,0,0,0,0,0,0,5,0,0,0,0,0,0,5,5,0,Nov 1997
Landed housing development,West Coast Road,CD Holdings Pte Ltd,10,0,0,10,0,0,0,10,0,0,10,0,0,0,0,0,0,0,0,Dec 1993
Landed housing development,Ponggol Seventeenth Avenue,Tai Lai Holdings Pte Ltd,9,9,0,0,0,0,0,0,9,0,9,0,0,0,0,0,0,0,0,Jan 1995
Landed housing development,Jalan Pari Dedap,Lucky Realty Co Ltd,2,2,0,0,0,0,0,0,0,2,0,0,0,0,0,0,2,0,2,Nov 1995
Landed housing development,Coronation Road West,Pulau Properties Pte Ltd,6,4,2,0,0,0,0,0,6,0,6,0,0,0,0,0,0,0,0,Feb 1997
Landed housing development,Nim Road/Central Expressway/Ang Mo Kio Avenue 5,Singapore United Estates Pte Ltd,55,1,0,54,0,0,0,0,55,0,55,0,0,0,0,0,0,0,0,-
Landed housing development,Nim Road/Ang Mo Kio Avenue 5,Singapore United Estates Pte Ltd,405,5,6,394,0,0,0,405,0,0,405,0,0,0,0,0,0,0,0,-
Landed housing development,Figaro Street,Choo Kok Hoe,20,2,18,0,0,0,0,0,0,20,0,0,0,0,0,0,20,0,20,Aug 1996
Landed housing development,Stratton Road/Nim Green,Fairview Developments Pte Ltd,239,2,8,229,0,0,0,239,0,0,239,0,0,0,0,0,0,0,0,Jul 2000
Landed housing development,Haigsville Drive,Liu & Lee Investment Pte Ltd,5,0,0,5,0,0,0,5,0,0,0,5,5,0,0,0,0,0,0,Dec 1997
Landed housing development,Brighton Avenue,The Secretary of the Trustees of the Methodist Church in Singapore,9,0,0,9,0,0,0,9,0,0,9,0,0,0,0,0,0,0,0,Jan 1999
Landed housing development,Upper Wilkie Road,Ng Lee Cheng (Ms)-Sole Executrix Of The Estate Of Mr Ng Hui Lip,6,0,0,6,0,0,0,6,0,0,6,0,0,0,0,0,0,0,0,Mar 2000
Landed housing development,Barker Road,GFC Pte Ltd,8,0,0,8,0,0,0,8,0,0,8,0,0,0,0,0,0,0,0,Jan 2001
Landed housing development,Duchess Avenue,Pulau Properties Pte Ltd,16,2,14,0,0,0,0,0,16,0,16,0,0,0,0,0,0,0,0,Nov 2000
Landed housing development,Swiss Club Road/Jalan Kampong Chantek,City Developments Ltd,11,11,0,0,0,0,0,11,0,0,11,0,0,0,0,0,0,0,0,Jun 1999
Landed housing development,Pasir Panjang Hill,Act Nobel Homes Pte Ltd,9,0,0,9,0,0,0,9,0,0,9,0,0,0,0,0,0,0,0,-
Landed housing development,Ang Mo Kio Avenue 5/Seletar Road/Yio Chu Kang Road,Singapore United Estates Pte Ltd,944,0,38,906,0,0,0,866,78,0,944,0,0,0,0,0,0,0,0,Oct 1997
Landed housing development,Sembawang Road,Sembawang Estates Pte Ltd,48,0,6,42,0,0,0,0,48,0,0,48,48,0,0,0,0,0,0,Dec 1998
Landed housing development,Chancery Hill Walk,SUTL Development Pte Ltd,5,1,4,0,0,0,0,5,0,0,5,0,0,0,0,0,0,0,0,Sep 2002
Landed housing development,Elliot Road,Tan Yong Hoa,5,0,0,5,0,0,0,5,0,0,5,0,0,0,0,0,0,0,0,-
Landed housing development,Upper Aljunied Road,Tan Chong Land Company Pte Ltd,77,0,0,77,0,0,0,0,77,0,0,77,77,0,0,0,0,0,0,May 2001
Landed housing development,Jalan Dermawan,Fook Tong Nam Development Pte Ltd,5,3,2,0,0,0,0,0,5,0,0,5,5,0,0,0,0,0,0,Oct 2000
Landed housing development,Jalan Ulu Siglap,Khai Wah Development Pte Ltd,6,0,0,6,0,0,0,6,0,0,6,0,0,0,0,0,0,0,0,Aug 2001
Landed housing development,Holland Road,Hong Heng Co Pte Ltd,7,1,6,0,0,0,0,0,7,0,0,7,7,0,0,0,0,0,0,Mar 2001
Landed housing development,Jalan Soo Bee,RDC Simei Development Pte Ltd,6,0,0,6,0,0,0,0,0,6,0,0,0,0,0,0,6,6,0,Aug 2000
Landed housing development,Whitley Road,Liverland Holdings Pte Ltd,5,3,2,0,0,0,0,0,5,0,0,5,5,0,0,0,0,0,0,Nov 2000
Landed housing development,Lorong Chuan,Highland Developments Pte Ltd,6,0,0,6,0,0,0,0,6,0,0,6,6,0,0,0,0,0,0,Sep 2001
Landed housing development,Barker Road,Hong Leong Holdings Ltd,10,0,0,10,0,0,0,10,0,0,10,0,0,0,0,0,0,0,0,-
Landed housing development,Gallop Road/Tyersall Road,The Great Eastern Life Assurance Co Ltd,8,8,0,0,0,0,0,8,0,0,8,0,0,0,0,0,0,0,0,May 2001
Landed housing development,Jervois Road,Duchess (Nassim) Development Pte Ltd,6,6,0,0,0,0,0,6,0,0,6,0,0,0,0,0,0,0,0,Aug 2001
Landed housing development,Binchang Rise,Pan Binchang Pte Ltd,6,0,6,0,0,0,0,0,6,0,6,0,0,0,0,0,0,0,0,Sep 2001
Landed housing development,Phillips Avenue/Sandilands Road,Alpro Management Services Pte Ltd,5,0,2,3,0,0,0,0,0,5,0,0,0,0,0,0,5,5,0,Apr 2001
Landed housing development,Jalan Angin Laut/Upper Changi Road,Silverstein Pte Ltd,10,0,0,10,0,0,0,0,10,0,0,10,0,10,10,0,0,0,0,Dec 2001
Landed housing development,Pasir Panjang Road,Western Properties Pte Ltd,6,0,0,6,0,0,0,6,0,0,0,6,6,0,0,0,0,0,0,Jun 2002
Landed housing development,Joo Chiat Terrace,Unibuild Development Pte Ltd,1,0,0,1,0,0,0,0,1,0,1,0,0,0,0,0,0,0,0,Apr 2002
Landed housing development,Tanglin Hill,Hong Leong Holdings Ltd,8,8,0,0,0,0,0,8,0,0,8,0,0,0,0,0,0,0,0,-
Landed housing development,Rifle Range Road,Tempco Land (S) Pte Ltd,7,1,2,4,0,0,0,7,0,0,7,0,0,0,0,0,0,0,0,-
Landed housing development,Bedok Ria Crescent,Ho Lee Investments Pte Ltd,5,0,0,5,0,0,0,5,0,0,0,5,5,0,0,0,0,0,0,Jun 2002
Landed housing development,Jalan Tari Lilin/Jalan Tari Payong/Tong Lee Road,World Class Land Pte Ltd,23,0,0,23,0,0,0,0,23,0,23,0,0,0,0,0,0,0,0,-
Landed housing development,Pasir Panjang Road,Landrich Development Pte Ltd,5,0,0,5,0,0,0,5,0,0,5,0,0,0,0,0,0,0,0,-
Landed housing development,Bright Hill Crescent/Bright Hill Drive,Sun Sun Properties Pte Ltd,6,0,6,0,0,0,0,6,0,0,6,0,0,0,0,0,0,0,0,-
Landed housing development,Jalan Kembangan/Lengkong Tiga,Tiong Aik Investments Pte Ltd,14,0,10,4,0,0,0,0,14,0,14,0,0,0,0,0,0,0,0,Aug 2002
Landed housing development,Lorong Kembangan,Bharat Dharmadas Kalwani,7,0,0,7,0,0,0,7,0,0,7,0,0,0,0,0,0,0,0,-
Landed housing/condominium developments,Jalan Pemimpin,Soon Lian Realty Pte Ltd,231,3,10,10,0,208,0,0,221,10,101,120,120,0,0,0,10,8,2,Mar 1995
Langston Ville,Kim Yam Road,Guan Qian Realty Pte Ltd,54,0,0,0,54,0,0,0,0,54,0,0,0,0,0,0,54,52,2,Feb 1995
Le Crescendo,Paya Lebar Road,Everian Holdings Pte Ltd,228,0,0,0,0,228,0,0,228,0,0,228,119,109,77,32,0,0,0,Jun 2001
Le Wood,Hindhede Drive,Ananda Development (S) Pte Ltd,58,0,0,0,0,58,0,0,0,58,0,0,0,0,0,0,58,58,0,Nov 1995
Leedon Park Bungalows,Leedon Park,Golden Cape Investments Ltd,6,6,0,0,0,0,0,0,0,6,0,0,0,0,0,0,6,3,3,Jun 1998
Legenda @ Joo Chiat,Everitt Road/Joo Chiat Place,Hoi Hup Jihe Development Pte Ltd,100,0,0,0,0,100,0,0,100,0,0,100,0,100,92,8,0,0,0,Aug 2001
Leonie Hill Residence,Leonie Hill Road,Sino Holdings (S) Pte Ltd,80,0,0,0,80,0,0,0,80,0,0,80,0,80,39,41,0,0,0,Jun 2002
Lighthouse,Jalan Loyang Besar,Hong How Corporation Pte Ltd,51,0,0,0,0,51,0,0,51,0,0,51,0,51,16,35,0,0,0,Dec 2000
Lilydale,Yishun Avenue 6,CPL Land Pte Ltd,318,0,0,0,0,0,318,0,318,0,0,318,0,318,318,0,0,0,0,Apr 2001
Lincoln Regal,Keng Lee Road,Arts Associate Co Pte Ltd,68,0,0,0,68,0,0,68,0,0,68,0,0,0,0,0,0,0,0,May 2000
Malvern Springs,Onan Road,Triplan Pte Ltd,75,0,0,0,0,75,0,0,75,0,0,75,0,75,75,0,0,0,0,Nov 2001
Mandale Heights,Bhamo Road/Mandalay Road/Minbu Road,SB Development Pte Ltd,96,0,0,0,96,0,0,0,96,0,0,96,0,96,84,12,0,0,0,Nov 2001
Martia 8,Martia Road,ACT-Nobel Homes Pte Ltd,16,0,0,0,16,0,0,0,0,16,0,0,0,0,0,0,16,16,0,Apr 2000
Meadowlodge,Chun Tin Road,Chun Tin Court Pte Ltd,64,0,0,0,0,64,0,0,64,0,0,64,0,64,1,63,0,0,0,Jul 1999
Merlot Ville,Telok Kurau Road,Hoi Hup Realty Pte Ltd,12,0,0,0,12,0,0,0,0,12,0,0,0,0,0,0,12,12,0,Oct 2000
Mill Point,Zion Close/Zion Road,SB Development Pte Ltd,108,0,0,0,108,0,0,0,108,0,0,108,0,108,90,18,0,0,0,Feb 2002
Mimosa Gardens,Mimosa Road,Hoi Hup Realty Pte Ltd,20,0,20,0,0,0,0,0,20,0,0,20,0,20,11,9,0,0,0,Jul 2001
Mimosa Terrace,Mimosa Road/Saraca Road,Singapore United Estates Pte Ltd,264,0,6,258,0,0,0,0,160,104,44,116,76,40,34,6,104,97,7,Sep 1996
Modena,Simei Street 4,Eyton Pte Ltd,230,0,0,0,0,230,0,0,0,230,0,0,0,0,0,0,230,216,14,May 1998
Monterey Park Condominium,West Coast Rise,City Developments Ltd,280,0,0,0,0,280,0,0,280,0,0,280,280,0,0,0,0,0,0,Apr 2001
Moonstone Residences,Moonstone Lane,Siong Hoe Development Pte Ltd,76,0,0,0,76,0,0,0,76,0,76,0,0,0,0,0,0,0,0,Jul 2002
Moonstone Royale,Moonstone Lane,Moonstone T & G Development Pte Ltd,16,0,0,0,16,0,0,0,16,0,0,16,0,16,9,7,0,0,0,Jun 1997
Mun Wah Garden,Tung Po Avenue,Tai Heng Development Pte Ltd,24,0,24,0,0,0,0,0,0,24,0,0,0,0,0,0,24,13,11,Dec 1971
Nassim 9,Nassim Road,LC (9 Nassim) Pte Ltd,8,0,0,0,8,0,0,0,0,8,0,0,0,0,0,0,8,5,3,Nov 1999
Nassim Woods,Nassim Road/Napier Road,Parksville Development Pte Ltd,35,0,0,0,0,35,0,0,0,35,0,0,0,0,0,0,35,1,34,Mar 1997
Nathan Place,Holt Road/Nathan Road,Fasidon Holdings Pte Ltd,46,0,0,0,0,46,0,46,0,0,0,46,46,0,0,0,0,0,0,Dec 1998
Nature Mansions,Lorong K Telok Kurau,TKP Development Pte Ltd & Gwee Nam Lee Pte Ltd,30,0,0,0,30,0,0,0,0,30,0,0,0,0,0,0,30,11,19,Jul 1998
Newton 18,Newton Road,Wingrace Investment Pte Ltd,81,0,0,0,81,0,0,0,0,81,0,0,0,0,0,0,81,74,7,Oct 1999
Newton Euro-Asia,Newton Road,Euro-Asia Realty Pte Ltd,69,0,0,0,69,0,0,0,69,0,0,69,0,69,31,38,0,0,0,Mar 2000
Nicole Green,Guillemard Road,Annerly Pte Ltd,44,0,0,0,44,0,0,0,44,0,0,44,0,44,30,14,0,0,0,Jul 2000
Novena Suites,Moulmein Road,UOL Development (Upper Thomson) Pte Ltd,88,0,0,0,88,0,0,0,88,0,0,88,88,0,0,0,0,0,0,Feb 1998
Nuovo,Ang Mo Kio Avenue 6/Ang Mo Kio Avenue 9,Chester Properties Pte Ltd,297,0,0,0,0,0,297,0,297,0,0,297,0,297,297,0,0,0,0,Sep 2001
Oak Villas,Maple Avenue/Oak Avenue,Manston Land Pte Ltd,6,6,0,0,0,0,0,0,6,0,0,6,0,6,0,6,0,0,0,Dec 2000
Olivio,Surrey Road,Harley Investments Pte Ltd,33,0,0,0,33,0,0,0,0,33,0,0,0,0,0,0,33,33,0,Jan 1998
One Fort,Fort Road,Ces-Fort Pte Ltd,79,0,0,0,0,79,0,0,79,0,0,79,79,0,0,0,0,0,0,Jun 2002
Orchard Scotts,Anthony Road,Golden Development Pte Ltd,387,0,0,0,0,387,0,0,387,0,0,387,387,0,0,0,0,0,0,Jan 1997
Oxley Lights,Oxley Rise,Oxley Lights Development Pte Ltd,89,0,0,0,89,0,0,89,0,0,89,0,0,0,0,0,0,0,0,-
Palazzetto,Tanjong Rhu Road,Heeton Investments Pte Ltd,32,0,0,0,32,0,0,0,0,32,0,0,0,0,0,0,32,26,6,Mar 2000
Palm Grove Condominium,Palm Grove Avenue,Leonie Court Pte Ltd,111,0,0,0,0,111,0,0,0,111,0,0,0,0,0,0,111,97,14,Feb 1998
Palm Haven,Palm Grove Avenue,CRL Realty Pte Ltd,48,0,0,0,0,48,0,0,0,48,0,0,0,0,0,0,48,21,27,Jan 2000
Papillon,Jalan Rama Rama,Keng Hoe Development Pte Ltd,73,0,0,0,73,0,0,0,73,0,0,73,0,73,33,40,0,0,0,Oct 2000
Paradise Palms,Dunman Road,O.E.B. Properties Pte Ltd,58,0,0,0,58,0,0,0,0,58,0,0,0,0,0,0,58,32,26,Aug 1997
Parc Devon,Devonshire Road,Evansville Investments Pte Ltd,24,0,0,0,24,0,0,24,0,0,0,24,24,0,0,0,0,0,0,Sep 1998
Parc Haven,Lorong Limau,Goodval Investments Pte Ltd,137,0,0,0,137,0,0,0,137,0,0,137,0,137,70,67,0,0,0,Oct 2000
Parc Regency,Pasir Panjang Road,Wah Khiaw Developments Pte Ltd,20,0,0,0,20,0,0,0,0,20,0,0,0,0,0,0,20,19,1,Oct 2000
Park Green,Buangkok Drive/Rivervale Link/Sengkang East Avenue,NTUC Choice Homes Co-Operative Ltd,391,0,0,0,0,0,391,0,391,0,0,391,0,391,168,223,0,0,0,Jan 2002
Pasadena,Derbyshire Road,Tan Guan Lee Co Ltd,36,0,0,0,36,0,0,0,36,0,0,36,0,36,9,27,0,0,0,Sep 2000
Pavilion Park (Phase 1),Bukit Batok Road,Bukit Batok Development Pte Ltd,241,0,126,114,1,0,0,0,163,78,37,126,43,83,59,24,78,78,0,Mar 1996
Pavilion Park (Phase 2),Bukit Batok Road,Bukit Batok Development Pte Ltd,273,0,170,103,0,0,0,0,273,0,273,0,0,0,0,0,0,0,0,Jan 1997
Pinnacles @ Wee Nam,Keng Lee Road/Lincoln Road/Wee Nam Road,Keppel Land Realty Pte Ltd,280,0,0,0,0,280,0,280,0,0,0,280,280,0,0,0,0,0,0,Jun 1998
Portofino,Sarkies Road,Colima Pte Ltd,32,0,0,0,32,0,0,0,0,32,0,0,0,0,0,0,32,0,32,Jun 1997
Prosper Gardens,Bedok Garden/Bedok Road,Chelsford Green Pte Ltd,14,1,2,11,0,0,0,0,14,0,0,14,0,14,11,3,0,0,0,Mar 2002
Prospero Ville,Lorong K Telok Kurau,Hoi Hup-Woodsville Development Pte Ltd,20,0,0,0,20,0,0,0,0,20,0,0,0,0,0,0,20,20,0,Feb 2000
Queens,Commonwealth Avenue/Stirling Road,Queenstown Peak Pte Ltd,722,0,0,0,0,722,0,0,722,0,0,722,0,722,711,11,0,0,0,Mar 1999
Queensberry Lodge,Shanghai Road,Create Development & Energy Pte Ltd,12,0,0,0,12,0,0,0,12,0,0,12,0,12,2,10,0,0,0,Mar 1999
Race Course 138,Race Course Road,Chiu Teng Realty Pte Ltd,24,0,0,0,24,0,0,0,24,0,0,24,0,24,10,14,0,0,0,Jun 1997
Rafflesia Condominium,Bishan Street 21,Bishan Peak Pte Ltd,230,0,0,0,0,230,0,0,230,0,0,230,0,230,112,118,0,0,0,Mar 1998
Rangoon Court,Rangoon Road,Eng Keong Holdings Pte Ltd,6,0,0,0,6,0,0,0,6,0,0,6,6,0,0,0,0,0,0,Aug 2000
Rangoon View,Rangoon Road,Ho Lee Development Pte Ltd,6,0,0,0,6,0,0,0,0,6,0,0,0,0,0,0,6,5,1,Jul 1995
Residences @ Novena,Novena Rise,Group-Land Development Pte Ltd,4,0,4,0,0,0,0,0,4,0,0,4,4,0,0,0,0,0,0,Oct 2001
Residences @ Novena,Jalan Novena,Group-Land Development Pte Ltd,7,1,6,0,0,0,0,0,7,0,0,7,7,0,0,0,0,0,0,Oct 2001
Residential apartments,Bencoolen Street,Majlis Ugama Islam Singapura,85,0,0,0,85,0,0,0,85,0,85,0,0,0,0,0,0,0,0,Mar 2001
Residential apartments,Balestier Road,Balestier Realty Pte Ltd,42,0,0,0,42,0,0,42,0,0,42,0,0,0,0,0,0,0,0,Nov 2001
Residential apartments,Rosyth Road,Choo Kok Jee Pte Ltd,10,0,0,0,10,0,0,0,10,0,10,0,0,0,0,0,0,0,0,Apr 2001
Residential apartments,Palm Road/Upper East Coast Road,Poh Heng Realty Pte Ltd,42,0,0,0,42,0,0,0,42,0,42,0,0,0,0,0,0,0,0,Jul 2001
Residential apartments,Leonie Hill,Leonie Land Pte Ltd,97,0,0,0,97,0,0,97,0,0,0,97,97,0,0,0,0,0,0,Mar 2002
Residential apartments,Joo Chiat Place,Goldearth Development Pte Ltd,9,0,0,0,9,0,0,0,9,0,9,0,0,0,0,0,0,0,0,Jul 2002
Residential apartments,Upper East Coast Road,Continental Industries Pte Ltd,12,0,0,0,12,0,0,0,12,0,12,0,0,0,0,0,0,0,0,Jun 2001
Residential apartments,River Valley Road,Ying Fo Fui Kun,37,0,0,0,37,0,0,0,37,0,37,0,0,0,0,0,0,0,0,Dec 2001
Residential apartments,Chiku Road,Choy Kum Weng & 5 others,10,0,0,0,10,0,0,0,10,0,10,0,0,0,0,0,0,0,0,Feb 2002
Residential apartments,Cairnhill Rise,Ju-Properties Pte Ltd,76,0,0,0,76,0,0,76,0,0,76,0,0,0,0,0,0,0,0,-
Residential apartments,Jalan Dusun,W Y Steel Construction Pte Ltd,14,0,0,0,14,0,0,0,14,0,14,0,0,0,0,0,0,0,0,Oct 2001
Residential apartments,Jalan Sendudok,Ang Oon Hue Pte Ltd,12,0,0,0,12,0,0,12,0,0,12,0,0,0,0,0,0,0,0,Jul 2001
Residential apartments,Dalvey Estate,Sin Lian Huat Company Pte Ltd,37,0,0,0,37,0,0,37,0,0,37,0,0,0,0,0,0,0,0,Aug 2001
Residential apartments,Braddell Road,Wu Pih Hwa,11,0,0,0,11,0,0,0,11,0,11,0,0,0,0,0,0,0,0,Aug 2001
Residential apartments,Bukit Timah Road,Christopher Lim Geok Hong/Lim Eng Lok/Chip Ann Provision Store & 1 other,6,0,0,0,6,0,0,6,0,0,6,0,0,0,0,0,0,0,0,Jul 2002
Residential apartments,Geylang Road/Lorong 28 Geylang/Lorong 30 Geylang,Sin Soon Lee Realty Co Pte Ltd,112,0,0,0,112,0,0,112,0,0,112,0,0,0,0,0,0,0,0,-
Residential apartments,Wee Nam Road,MSE Engineering & Mgt Consultants,25,0,0,0,25,0,0,25,0,0,25,0,0,0,0,0,0,0,0,-
Residential apartments,Lorong N Telok Kurau,Sindev Enterprises Pte Ltd,13,0,0,0,13,0,0,0,13,0,13,0,0,0,0,0,0,0,0,Oct 2001
Residential apartments,Thomson Road,The MCST Plan No. 732,47,0,0,0,47,0,0,47,0,0,47,0,0,0,0,0,0,0,0,-
Residential apartments,Cairnhill Circle,Tat Chuan Development Pte Ltd,15,0,0,0,15,0,0,15,0,0,15,0,0,0,0,0,0,0,0,May 2002
Residential apartments,Lorong N Telok Kurau,Macly Pte Ltd,13,0,0,0,13,0,0,13,0,0,13,0,0,0,0,0,0,0,0,Sep 2002
Residential apartments,Robin Road,Carden Investments Pte Ltd,41,0,0,0,41,0,0,41,0,0,0,41,41,0,0,0,0,0,0,Nov 2001
Residential apartments,Muthuraman Chetty Road,Kimmingston Pte Ltd,74,0,0,0,74,0,0,74,0,0,74,0,0,0,0,0,0,0,0,-
Residential apartments,Lorong 35 Geylang,Summer Investments Pte Ltd,40,0,0,0,40,0,0,40,0,0,40,0,0,0,0,0,0,0,0,Sep 2002
Residential apartments,Tanjong Katong Road,Singapore National Wushu Federation,16,0,0,0,16,0,0,0,16,0,16,0,0,0,0,0,0,0,0,Jul 2002
Residential apartments,Cantonment Road,The Harbourfront Pte Ltd,120,0,0,0,120,0,0,120,0,0,120,0,0,0,0,0,0,0,0,-
Residential apartments,Seah Street,British & Malayan Trustees Ltd,6,0,0,0,6,0,0,0,6,0,6,0,0,0,0,0,0,0,0,May 2002
Residential apartments,Balestier Road/Martaban Road,Richard Kuah,9,0,0,0,9,0,0,9,0,0,9,0,0,0,0,0,0,0,0,-
Residential apartments,Highland Road,Eng Keong Holdings Pte Ltd,14,0,0,0,14,0,0,14,0,0,14,0,0,0,0,0,0,0,0,-
Residential apartments,Pasir Panjang Hill/Pasir Panjang Road/South Buona Vista Road,Delpha Investment Pte Ltd,82,0,0,0,82,0,0,82,0,0,82,0,0,0,0,0,0,0,0,-
Residential apartments,Koon Seng Road,Whye Wah Construction & Furniture Pte Ltd,10,0,0,0,10,0,0,0,10,0,0,10,10,0,0,0,0,0,0,May 2002
Residential apartments,Cairnhill Circle,TG Development Pte Ltd,29,0,0,0,29,0,0,29,0,0,29,0,0,0,0,0,0,0,0,-
Residential apartments,Marine Parade Road,Novelty Properties Pte Ltd,16,0,0,0,16,0,0,16,0,0,16,0,0,0,0,0,0,0,0,-
Residential apartments,Telok Kurau Road,Chin Thoe Chong,35,0,0,0,35,0,0,35,0,0,35,0,0,0,0,0,0,0,0,-
Residential apartments,Martin Road,Macly Capital Pte Ltd,7,0,0,0,7,0,0,7,0,0,7,0,0,0,0,0,0,0,0,-
Residential apartments,Shanghai Road,Fortune Development Pte Ltd,43,0,0,0,43,0,0,43,0,0,43,0,0,0,0,0,0,0,0,-
Residential apartments,River Valley Road,Spring Valley Development Pte Ltd,16,0,0,0,16,0,0,16,0,0,16,0,0,0,0,0,0,0,0,-
Residential apartments,Kovan Road,Revitech Pte Ltd,22,0,0,0,22,0,0,22,0,0,22,0,0,0,0,0,0,0,0,-
Residential apartments,Meyer Road,First Meyer Development Pte Ltd,50,0,0,0,50,0,0,50,0,0,50,0,0,0,0,0,0,0,0,-
Residential apartments,Robertson Quay,HPL Investment (1990) Pte Ltd,36,0,0,0,36,0,0,0,36,0,36,0,0,0,0,0,0,0,0,-
Residential apartments,Mount Emily Road,W.P. Land Pte Ltd,39,0,0,0,39,0,0,39,0,0,39,0,0,0,0,0,0,0,0,-
Residential apartments,Lorong L Telok Kurau,Leegate Holdings Pte Ltd,9,0,0,0,9,0,0,9,0,0,9,0,0,0,0,0,0,0,0,-
Residential apartments,Jalan Kemaman,Tai Pei Yuen Temple,12,0,0,0,12,0,0,12,0,0,12,0,0,0,0,0,0,0,0,Jul 2002
Residential apartments,Mohamed Sultan Road,City Developments Ltd,201,0,0,0,201,0,0,201,0,0,201,0,0,0,0,0,0,0,0,Aug 2002
Residential apartments,Butterworth Lane,City Developments Ltd,20,0,0,0,20,0,0,20,0,0,20,0,0,0,0,0,0,0,0,-
Residential apartments,Owen Road,Ming Teik Co Pte Ltd,6,0,0,0,6,0,0,6,0,0,6,0,0,0,0,0,0,0,0,-
Residential apartments,Jalan Rajah,A28 Investments Pte Ltd,50,0,0,0,50,0,0,50,0,0,50,0,0,0,0,0,0,0,0,-
Residential apartments,Cambridge Road,Novelty International Pte Ltd,30,0,0,0,30,0,0,30,0,0,30,0,0,0,0,0,0,0,0,-
Residential apartments,Stevens Road,Gredanian Pte Ltd,34,0,0,0,34,0,0,34,0,0,34,0,0,0,0,0,0,0,0,-
Residential apartments,Lengkong Empat,Astor Properties Pte Ltd,55,0,0,0,55,0,0,55,0,0,55,0,0,0,0,0,0,0,0,-
Residential apartments,Jalan Taman,Hoi Hup Realty Pte Ltd,54,0,0,0,54,0,0,54,0,0,54,0,0,0,0,0,0,0,0,-
Residential apartments,Niven Road,Tan Seng Ong,6,0,0,0,6,0,0,6,0,0,6,0,0,0,0,0,0,0,0,-
Residential apartments,Crane Road,Springlife Development Pte Ltd,12,0,0,0,12,0,0,12,0,0,12,0,0,0,0,0,0,0,0,-
Residential apartments,Jalan Rajawali,U-Asia Pte Ltd & Yetkai Holdings Pte Ltd,32,0,0,0,32,0,0,0,32,0,32,0,0,0,0,0,0,0,0,May 1999
Residential apartments,Amber Gardens,Chinese Swimming Club,28,0,0,0,28,0,0,28,0,0,28,0,0,0,0,0,0,0,0,Jan 1998
Residential apartments,Kim Yam Road/Mohamed Sultan Road,UE Ville Developments Pte Ltd,36,0,0,0,36,0,0,0,0,36,0,0,0,0,0,0,36,0,36,Feb 1998
Residential apartments,Lorong 41 Geylang,Casuarina Properties Pte Ltd,41,0,0,0,41,0,0,41,0,0,41,0,0,0,0,0,0,0,0,Aug 2000
Residential apartments,Race Course Road,Great Reliance Development Pte Ltd,15,0,0,0,15,0,0,15,0,0,15,0,0,0,0,0,0,0,0,Jan 1998
Residential apartments,Newton Road,Yickvi Realty Pte Ltd,10,0,0,0,10,0,0,10,0,0,10,0,0,0,0,0,0,0,0,Mar 1996
Residential apartments,Sophia Road,L & B International Pte Ltd,19,0,0,0,19,0,0,0,19,0,19,0,0,0,0,0,0,0,0,Nov 1996
Residential apartments,Bukit Timah Road,Lee Young Realty Pte Ltd,10,0,0,0,10,0,0,10,0,0,10,0,0,0,0,0,0,0,0,Feb 1997
Residential apartments,River Valley Road,Springstar Properties Pte Ltd,46,0,0,0,46,0,0,0,46,0,0,46,0,46,3,43,0,0,0,Dec 1995
Residential apartments,Lorong 32 Geylang,Lido Developments Pte Ltd,14,0,0,0,14,0,0,0,14,0,14,0,0,0,0,0,0,0,0,Jun 1996
Residential apartments,Jalan Keli,Aik Hwa Trading Co Pte Ltd,16,0,0,0,16,0,0,0,16,0,16,0,0,0,0,0,0,0,0,Apr 1996
Residential apartments,Balmoral Road,Lau Chin Tong,7,0,0,0,7,0,0,0,7,0,7,0,0,0,0,0,0,0,0,Dec 1996
Residential apartments,Lorong 41 Geylang,Casuarina Properties Pte Ltd,44,0,0,0,44,0,0,20,24,0,44,0,0,0,0,0,0,0,0,Sep 1996
Residential apartments,Eng Hoon Street,Lido Developments Pte Ltd,19,0,0,0,19,0,0,0,19,0,0,19,19,0,0,0,0,0,0,Dec 1998
Residential apartments,Wilkie Road,Mary Khoo Gim Shek (Mdm),21,0,0,0,21,0,0,0,21,0,21,0,0,0,0,0,0,0,0,Mar 2000
Residential apartments,Tyrwhitt Road,Hoe Seng Huat Hardware Co Pte Ltd,51,0,0,0,51,0,0,51,0,0,51,0,0,0,0,0,0,0,0,Jun 1997
Residential apartments,Lavender Street/Jalan Besar,Prominent Site Pte Ltd & Prominent Plaza Investments Pte Ltd,108,0,0,0,108,0,0,108,0,0,108,0,0,0,0,0,0,0,0,Jul 1997
Residential apartments,Balestier Road,Ming Teik Co Pte Ltd,4,0,0,0,4,0,0,0,0,4,0,0,0,0,0,0,4,0,4,Jan 1997
Residential apartments,Race Course Road,Ho Tong Seng Engineering Construction Pte Ltd,16,0,0,0,16,0,0,0,16,0,16,0,0,0,0,0,0,0,0,Jul 1997
Residential apartments,Roberts Lane,Roberts Lane Development Pte Ltd,4,0,0,0,4,0,0,0,4,0,0,4,0,4,4,0,0,0,0,Dec 1997
Residential apartments,Tan Quee Lan Street,Dawnatron Pte Ltd,21,0,0,0,21,0,0,21,0,0,21,0,0,0,0,0,0,0,0,Oct 1997
Residential apartments,Purvis Street,Shaik Mohamad Bin Omar Harharah & Syed Ahmand Jamal Alsagoff,7,0,0,0,7,0,0,0,7,0,7,0,0,0,0,0,0,0,0,Oct 1999
Residential apartments,Ruby Lane,AD-Tech Building Services & Construction Pte Ltd,6,0,0,0,6,0,0,6,0,0,6,0,0,0,0,0,0,0,0,Nov 1997
Residential apartments,Cairnhill Road/Scotts Road,Success Development Pte Ltd,40,0,0,0,40,0,0,40,0,0,40,0,0,0,0,0,0,0,0,Apr 2000
Residential apartments,Leicester Road,Goodland Pte Ltd,16,0,0,0,16,0,0,0,16,0,16,0,0,0,0,0,0,0,0,Mar 2000
Residential apartments,Cuscaden Road/Tanglin Road/Tomlinson Road,Richmond Hotel Pte Ltd,139,0,0,0,139,0,0,139,0,0,139,0,0,0,0,0,0,0,0,Dec 1999
Residential apartments,Lincoln Road,Keppel Land Realty Pte Ltd,51,0,0,0,51,0,0,51,0,0,0,51,0,51,0,51,0,0,0,Sep 2000
Residential apartments,Kallang Road,Lotus Lodge Pte Ltd,94,0,0,0,94,0,0,94,0,0,94,0,0,0,0,0,0,0,0,Nov 2000
Residential apartments,Yan Kit Road,RDC Properties Pte Ltd,63,0,0,0,63,0,0,0,63,0,0,63,0,63,25,38,0,0,0,Nov 1998
Residential apartments,Delta Road,Country Development Pte Ltd,50,0,0,0,50,0,0,50,0,0,50,0,0,0,0,0,0,0,0,Sep 1999
Residential apartments,Wilkie Terrace,Guan Aik Property Pte Ltd,17,0,0,0,17,0,0,17,0,0,17,0,0,0,0,0,0,0,0,-
Residential apartments,Cairnhill Circle,Cairnhill Green Pte Ltd,93,0,0,0,93,0,0,93,0,0,93,0,0,0,0,0,0,0,0,Apr 2000
Residential apartments,Lengkong Empat,Peak One Development Pte Ltd,19,0,0,0,19,0,0,0,19,0,19,0,0,0,0,0,0,0,0,Sep 2000
Residential apartments,East Coast Road/Lorong N Telok Kurau,Han Gek Pte Ltd,32,0,0,0,32,0,0,32,0,0,32,0,0,0,0,0,0,0,0,Oct 2000
Residential apartments,River Valley Road,Mobil Oil Singapore Pte Ltd & Shaw Realty (S) Pte Ltd,24,0,0,0,24,0,0,24,0,0,24,0,0,0,0,0,0,0,0,Aug 2000
Residential apartments,Martin Road,CapitaLand Residential Limited,781,0,0,0,781,0,0,781,0,0,781,0,0,0,0,0,0,0,0,Sep 2000
Residential apartments,Siglap Drive,Sin Hock Hin Co Pte Ltd,8,0,0,0,8,0,0,0,8,0,8,0,0,0,0,0,0,0,0,Nov 2000
Residential apartments,Kee Seng Street,Hong Heng Co Pte Ltd,39,0,0,0,39,0,0,0,39,0,0,39,39,0,0,0,0,0,0,Aug 2000
Residential apartments,Clemenceau Avenue/Oxley Rise/Penang Road,Winpeak Investment Pte Ltd,234,0,0,0,234,0,0,234,0,0,234,0,0,0,0,0,0,0,0,-
Residential apartments,Balestier Road,City Developments Ltd,11,0,0,0,11,0,0,0,11,0,0,11,11,0,0,0,0,0,0,Nov 2000
Residential apartments,Norfolk Road,Sherwood Development Pte Ltd,73,0,0,0,73,0,0,73,0,0,73,0,0,0,0,0,0,0,0,Jul 2001
Residential apartments,Geylang East Avenue 1,LG Development Pte Ltd,14,0,0,0,14,0,0,0,0,14,0,0,0,0,0,0,14,0,14,Jan 2001
Residential apartments,Roberts Lane,Goodland Development Pte Ltd,8,0,0,0,8,0,0,0,8,0,8,0,0,0,0,0,0,0,0,Dec 2000
Residential apartments,Balmoral Park,City Developments Ltd,37,0,0,0,37,0,0,37,0,0,37,0,0,0,0,0,0,0,0,Mar 2001
Residential apartments,Ipoh Lane,City Developments Ltd,51,0,0,0,51,0,0,0,51,0,0,51,51,0,0,0,0,0,0,Jul 2000
Residential apartments,Evelyn Road,Setia Pte Ltd,24,0,0,0,24,0,0,0,24,0,24,0,0,0,0,0,0,0,0,Sep 2000
Residential apartments,Joo Chiat Place,Vanfong (S) Pte Ltd,30,0,0,0,30,0,0,0,30,0,0,30,30,0,0,0,0,0,0,Dec 2000
Residential apartments,Upper Serangoon Road,Chia Cher Keng,6,0,0,0,6,0,0,0,6,0,6,0,0,0,0,0,0,0,0,Sep 2000
Residential apartments,Killiney Road,Creslin Pte Ltd,20,0,0,0,20,0,0,20,0,0,20,0,0,0,0,0,0,0,0,Dec 2000
Residential apartments,Draycott Drive,Sing Realty (Singapore) Pte Ltd,30,0,0,0,30,0,0,0,0,30,0,0,0,0,0,0,30,14,16,Oct 2000
Residential apartments,East Coast Road,Hor Kew Pte Ltd,24,0,0,0,24,0,0,24,0,0,24,0,0,0,0,0,0,0,0,-
Residential apartments,Roberts Lane,Power Land Pte Ltd,5,0,0,0,5,0,0,5,0,0,5,0,0,0,0,0,0,0,0,Jan 2001
Residential apartments,Race Course Lane,Asiana Investment Pte Ltd,10,0,0,0,10,0,0,10,0,0,10,0,0,0,0,0,0,0,0,Jan 2001
Residential apartments,Sommerville Walk,Legacy Development Pte Ltd,18,0,0,0,18,0,0,0,18,0,0,18,0,18,13,5,0,0,0,Mar 2001
Ridge Court,Meyappa Chettiar Road,Heeton Development Pte Ltd,15,0,0,0,15,0,0,0,0,15,0,0,0,0,0,0,15,11,4,Sep 2000
Rio Vista,Hougang Avenue 7/Upper Serangoon View,Bodenheim Investments Pte Ltd,716,0,0,0,0,716,0,0,716,0,0,716,0,716,688,28,0,0,0,May 2001
Ris Grandeur,Elias Road,CPL Tampines Pte Ltd,460,0,0,0,0,460,0,0,460,0,460,0,0,0,0,0,0,0,0,May 2002
Riverside 48,Caseen Street/Mohamed Sultan Road/Robertson Quay,Tuan Huat Development Pte Ltd,70,0,0,0,70,0,0,0,0,70,0,0,0,0,0,0,70,57,13,Oct 1996
Rivervale Crest,Rivervale Crescent/Rivervale Drive,NCH (Sengkang) Pte Ltd,490,0,0,0,490,0,0,0,0,490,0,0,0,0,0,0,490,395,95,Feb 1999
Robertson 100,Martin Road/Robertson Quay/Rodyk Street,MCL Land (Robertson Quay) Ltd,186,0,0,0,186,0,0,0,186,0,0,186,0,186,138,48,0,0,0,Aug 2000
Rocca Balestier,Balestier Road,Rocca Investments Pte Ltd,28,0,0,0,28,0,0,0,28,0,0,28,0,28,8,20,0,0,0,Oct 2001
Rose Maison,Haig Avenue,Poh Lian Realty Pte Ltd,13,0,0,0,13,0,0,0,0,13,0,0,0,0,0,0,13,10,3,May 2000
Rose Ville,Tanjong Katong Road/Rose Lane,Poh Lian Realty Pte Ltd,25,0,0,0,25,0,0,0,0,25,0,0,0,0,0,0,25,25,0,Mar 1998
Rosewood,Rosewood Drive/Woodlands Avenue 1,CPL Estates Pte Ltd,437,0,0,0,0,437,0,0,437,0,0,437,0,437,410,27,0,0,0,May 2001
Sanctuary Green,Tanjong Rhu Road,Sanctuary Land Pte Ltd,522,0,0,0,0,522,0,0,522,0,0,522,0,522,262,260,0,0,0,Oct 1997
Sandalwood,Tembeling Road,Breezeway Development (S) Pte Ltd,39,0,0,16,23,0,0,0,39,0,0,39,36,3,3,0,0,0,0,Jan 2002
Sandy Palm,Jalan Loyang Besar,LCD Property Pte Ltd,48,0,0,0,0,48,0,0,0,48,0,0,0,0,0,0,48,40,8,Sep 1996
Saraca Villas,Saraca Terrace/Saraca Road,Keck Seng Properties Pte Ltd,55,0,6,49,0,0,0,0,0,55,0,0,0,0,0,0,55,23,32,May 2000
Savannah Park Condominium,Upper Changi Road East,City Developments Ltd,648,0,0,0,0,648,0,648,0,0,0,648,648,0,0,0,0,0,0,Apr 2002
Scotia,Peck Hay Road,Wan-Li Development Pte Ltd,65,0,0,0,65,0,0,65,0,0,0,65,35,30,1,29,0,0,0,Mar 2000
Service apartments,Scotts Road,The Ascott Ltd,80,0,0,0,80,0,0,80,0,0,80,0,0,0,0,0,0,0,0,Jul 2000
Service apartments,Mackenzie Road,Grouplan Pte Ltd,53,0,0,0,53,0,0,53,0,0,53,0,0,0,0,0,0,0,0,Jan 2001
Sheares Ville,Holt Road,Everstate Investments Pte Ltd,65,0,0,0,65,0,0,0,65,0,0,65,0,65,8,57,0,0,0,Feb 2001
Sims Green,Lorong 27A Geylang,Hoi Hup S. C. Development Pte Ltd,108,0,0,0,108,0,0,0,108,0,0,108,0,108,108,0,0,0,0,Jul 2001
Sims Meadows,Lorong 33 Geylang,Fragrance Properties Pte Ltd,36,0,0,0,36,0,0,0,36,0,0,36,0,36,31,5,0,0,0,May 2002
Sims Residences,Lorong 39 Geylang/Lorong 41 Geylang/Sims Avenue,Caseldine Investments Pte Ltd,112,0,0,0,112,0,0,0,0,112,0,0,0,0,0,0,112,112,0,Jul 1999
Smart House,Ewe Boon Road,Ban Guan Enterprise Pte Ltd,14,0,0,0,14,0,0,0,14,0,0,14,0,14,1,13,0,0,0,Dec 1996
Springhill,Sembawang Walk,Beautiful Hill Pte Ltd,115,0,0,115,0,0,0,115,0,0,0,115,79,36,5,31,0,0,0,Sep 2002
Stevens Loft,Stevens Drive,Ideal Homes Pte Ltd,28,0,0,0,28,0,0,0,28,0,0,28,28,0,0,0,0,0,0,Jul 2001
Straits Gardens,Andrews Avenue/Jalan Kandis/Sembawang Road,Sembawang Estates Pte Ltd,67,0,6,61,0,0,0,0,67,0,0,67,43,24,5,19,0,0,0,Jan 1999
Strata housing development,Recreation Lane,Green Aces Development Pte Ltd,16,0,0,16,0,0,0,16,0,0,16,0,0,0,0,0,0,0,0,May 2002
Strata housing development,Ponggol Seventeenth Avenue,Golden Development Pte Ltd,10,10,0,0,0,0,0,0,10,0,0,10,10,0,0,0,0,0,0,Mar 1998
Strata housing development,Chancery Hill Walk,Lin Ho Enterprises Co Pte Ltd,9,0,0,9,0,0,0,9,0,0,9,0,0,0,0,0,0,0,0,-
Strata housing development,Elias Road,Elias Development Pte Ltd,17,0,2,15,0,0,0,17,0,0,0,17,17,0,0,0,0,0,0,May 2002
Stratton Green,Stratton Road/Stratton Drive/Nim Green,Fairview Developments Pte Ltd,79,1,4,74,0,0,0,0,79,0,0,79,2,77,77,0,0,0,0,Jan 1992
Summer Villas,Gerald Drive/Bukit Mugliston,Thomson Hill Pte Ltd,20,0,0,20,0,0,0,0,20,0,0,20,0,20,18,2,0,0,0,Mar 2001
Summerdale,Boon Lay Drive,Boon Lay Executive Condominiums Pte Ltd,432,0,0,0,0,0,432,0,0,432,0,0,0,0,0,0,432,432,0,Feb 1998
Summergrove,Joon Hiang Road/Recreation Road,LKT Realty Pte Ltd,12,2,10,0,0,0,0,0,0,12,0,0,0,0,0,0,12,5,7,Oct 1996
Summerhill,Hume Avenue/Upper Bukit Timah Road,City Developments Ltd,406,0,0,0,0,406,0,0,0,406,0,0,0,0,0,0,406,366,40,Apr 1997
Sun Plaza,Sembawang Road,Canberra Development Pte Ltd,76,0,0,0,76,0,0,0,0,76,0,0,0,0,0,0,76,76,0,May 1998
SunGlade,Serangoon Avenue 2/Upper Serangoon Road,SV Development Pte Ltd,475,0,0,0,0,475,0,0,475,0,0,475,0,475,417,58,0,0,0,Dec 2000
Sunflower Lodge,Lorong 34 Geylang,Fragrance Properties Pte Ltd,12,0,0,0,12,0,0,0,12,0,0,12,12,0,0,0,0,0,0,May 2002
Sunhaven,Upper Changi Road East,CRL Realty Pte Ltd,295,0,0,0,0,295,0,0,295,0,0,295,0,295,253,42,0,0,0,Jan 2000
Sunny Palms,Lorong G Telok Kurau,Deeptro Pte Ltd,56,0,0,0,0,56,0,0,56,0,0,56,0,56,22,34,0,0,0,Sep 1996
Sunshine Grove,Jalan Labu Merah/Jalan Labu Ayer,Kalexton Pte Ltd,20,0,0,0,20,0,0,0,20,0,0,20,0,20,14,6,0,0,0,Aug 2000
Sunville,St. Michael's Road,Came Investments Pte Ltd,147,0,0,0,147,0,0,0,147,0,0,147,0,147,139,8,0,0,0,Sep 2001
Taipan Jade,Tanjong Katong Road,Novelty Properties Pte Ltd,12,0,0,0,12,0,0,12,0,0,12,0,0,0,0,0,0,0,0,Sep 2002
Taipan Regency,Haig Road,Novelty Properties Pte Ltd,18,0,0,0,18,0,0,0,0,18,0,0,0,0,0,0,18,16,2,Mar 2000
Tanamera Crest,Jalan Pari Dedap/Pari Dedap Walk,TM Land Pte Ltd,288,0,0,0,0,288,0,0,288,0,0,288,0,288,288,0,0,0,0,Aug 2000
Ten @ Suffolk,Suffolk Road,Hong Fok Development (Newton) Pte Ltd,37,0,0,0,37,0,0,37,0,0,0,37,0,37,6,31,0,0,0,Aug 2000
The Abode at Devonshire,Devonshire Road,TTH Development Pte Ltd,26,0,0,0,26,0,0,0,26,0,0,26,0,26,6,20,0,0,0,Apr 2000
The Alcove,Lorong 27 Geylang,Sims Green Development Pte Ltd,102,0,0,0,102,0,0,0,102,0,0,102,0,102,12,90,0,0,0,May 2001
The Ansley at Novena,Mandalay Road/Bassein Road,Daventon Pte Ltd,100,0,0,0,0,100,0,0,100,0,0,100,0,100,91,9,0,0,0,Jun 2001
The Areca,Bunga Rampai Place,Tacwealth Development Pte Ltd,21,0,0,21,0,0,0,0,21,0,0,21,0,21,11,10,0,0,0,May 2001
The Armadale,Gilstead Road,Amston Properties Pte Ltd,43,0,0,0,43,0,0,0,0,43,0,0,0,0,0,0,43,43,0,Dec 1998
The Aston,Kay Poh Road/River Valley Road,Parryview Holdings Pte Ltd,80,0,0,0,80,0,0,0,80,0,0,80,0,80,65,15,0,0,0,Mar 1999
The Belleforte,Ah Hood Road,Union Commodities Pte Ltd,74,0,0,0,74,0,0,0,74,0,0,74,0,74,49,25,0,0,0,Dec 2000
The Biltmore,Orchard Boulevard/Cuscaden Road,Granmil Holdings Pte Ltd,109,0,0,0,0,109,0,0,109,0,0,109,109,0,0,0,0,0,0,Sep 1998
The Blissville,Bukit Timah Road,Blissville Properties Ltd,472,0,0,0,0,472,0,0,472,0,0,472,419,53,5,48,0,0,0,Aug 1997
The Boulevard Residence,Cuscaden Walk,Crawforn Pte Ltd,46,0,0,0,46,0,0,0,46,0,0,46,46,0,0,0,0,0,0,Feb 2001
The Callista,Mar Thoma Road/St. Michael's Road,Evansville Investments Pte Ltd,87,0,0,0,87,0,0,87,0,0,0,87,19,68,42,26,0,0,0,Jan 2002
The Cassandra,Pasir Panjang Road,Kim Leong Development Pte Ltd,20,0,0,0,20,0,0,20,0,0,20,0,0,0,0,0,0,0,0,Sep 2000
The Champagne,Changi Road,World Class Land Pte Ltd,46,0,0,0,46,0,0,0,46,0,0,46,0,46,46,0,0,0,0,Mar 2002
The Clementvale,Clementi Avenue 2,Westgarden Development Pte Ltd,42,0,2,40,0,0,0,0,0,42,0,0,0,0,0,0,42,42,0,Dec 1998
The Cornwall,Holland Road,Hillgate Investment Pte Ltd,99,0,0,0,0,99,0,0,99,0,0,99,0,99,53,46,0,0,0,Nov 2000
The Dew,Bukit Batok Street 21,Sim Lian (Bukit Batok EC) Pte Ltd,248,0,0,0,0,0,248,0,248,0,0,248,0,248,248,0,0,0,0,Mar 2001
The Eden at Tampines,Tampines Street 34,Tampines Condominium Pte Ltd,430,0,0,0,0,0,430,0,430,0,0,430,0,430,430,0,0,0,0,Apr 2001
The Edge on Cairnhill,Cairnhill Road,Pyramid Hill Properties Pte Ltd,46,0,0,0,0,46,0,0,46,0,0,46,0,46,6,40,0,0,0,Jan 1998
The Edgewater,Jalan Loyang Besar,Keppel Land Realty Pte Ltd,53,0,0,0,0,53,0,0,53,0,0,53,0,53,53,0,0,0,0,Jun 2000
The Elysia,Mar Thoma Road,Bukit Timah Hill Development Pte Ltd,40,0,0,0,40,0,0,40,0,0,0,40,40,0,0,0,0,0,0,Jan 2002
The Equatorial,Stevens Road/Bukit Timah Road,City Developments Ltd,95,0,0,0,0,95,0,0,0,95,0,0,0,0,0,0,95,49,46,Feb 2000
The Esparis,Pasir Ris Drive 4,Cliffmont Pte Ltd,274,0,0,0,0,0,274,274,0,0,0,274,0,274,200,74,0,0,0,May 2002
The Gardens at Bishan,Sin Ming Avenue,First Garden Development Pte Ltd,756,0,0,0,0,756,0,0,756,0,0,756,305,451,431,20,0,0,0,Sep 1998
The Greenwood,Greenwood Avenue,Golden Development Pte Ltd,189,5,10,174,0,0,0,0,156,33,0,156,102,54,25,29,33,25,8,May 1988
The Heliconia,Jalan Daud,Tat Hong Properties Pte Ltd,103,0,0,0,0,103,0,0,103,0,0,103,53,50,46,4,0,0,0,Dec 2000
The Jade,Bukit Batok Central Link,Sim Lian (Bukit Batok Central) Pte Ltd,280,0,0,0,0,280,0,0,280,0,0,280,0,280,279,1,0,0,0,Jan 2002
The Ladyhill,Lady Hill Road,Razgrad Pte Ltd,55,0,0,0,0,55,0,0,55,0,0,55,0,55,21,34,0,0,0,Jun 1999
The Levelz,Farrer Road,CRL Realty Pte Ltd,126,0,0,0,0,126,0,0,126,0,0,126,0,126,107,19,0,0,0,Dec 2000
The Light @ Cairnhill,Cairnhill Circle,Richdeal Investment Pte Ltd,121,0,0,3,0,118,0,0,121,0,3,118,114,4,4,0,0,0,0,Nov 1998
The Lincoln Modern,Lincoln Road,Tabosca Pte Ltd,56,0,0,0,56,0,0,0,56,0,0,56,0,56,21,35,0,0,0,Jun 2000
The Linear,Upper Bukit Timah Road,Creative Investments Pte Ltd,213,0,0,0,213,0,0,213,0,0,0,213,213,0,0,0,0,0,0,Feb 2001
The Loft,Nassim Hill,Loft Condominium Pte Ltd,77,0,0,0,0,77,0,0,0,77,0,0,0,0,0,0,77,49,28,Nov 1998
The Madeira,Bukit Batok Street 31,Janiton Pte Ltd,456,0,0,0,0,456,0,0,456,0,0,456,0,456,266,190,0,0,0,Jan 2001
The Marbella,Mount Sinai Rise,Dariene Pte Ltd,239,0,0,0,0,239,0,0,239,0,239,0,0,0,0,0,0,0,0,Sep 2002
The Mondrian,Hindhede Place,TG Development Pte Ltd,17,3,14,0,0,0,0,0,0,17,0,0,0,0,0,0,17,12,5,Mar 1996
The Montana,Jalan Mutiara,The Montana Development Pte Ltd,108,0,0,0,108,0,0,0,0,108,0,0,0,0,0,0,108,108,0,Jul 1999
The Mornington,St. Michael's Road,Poh Lian Realty Pte Ltd & China Construction Realty Co Pte Ltd,28,0,0,0,28,0,0,0,28,0,0,28,0,28,11,17,0,0,0,Feb 2002
The Palladium,Brooke Road,Pacific Rover Pte Ltd,43,0,0,0,43,0,0,0,0,43,0,0,0,0,0,0,43,36,7,May 2000
The Paterson,Paterson Road,Ideal Homes Pte Ltd,88,0,0,0,0,88,0,0,88,0,0,88,88,0,0,0,0,0,0,Jan 2002
The Petals,Hillview Avenue,Anchor Developments Pte Ltd,270,0,0,0,0,270,0,0,0,270,0,0,0,0,0,0,270,171,99,Dec 1997
The Pinnacle,Gopeng Street,Lucky Pinnacle Pte Ltd,634,0,0,0,634,0,0,634,0,0,634,0,0,0,0,0,0,0,0,-
The Sentinel,Surrey Road,Leong Hin (Newton) Pte Ltd,14,0,0,0,14,0,0,0,14,0,0,14,14,0,0,0,0,0,0,Jun 2000
The Serenade @ Holland,Holland Road/Mount Sinai Drive,Winbliss Investment Pte Ltd,89,0,0,0,0,89,0,0,89,0,0,89,0,89,86,3,0,0,0,Sep 2001
The Shelford,Shelford Road,Leonie Court Pte Ltd,215,0,0,0,0,215,0,0,215,0,0,215,0,215,192,23,0,0,0,Mar 2002
The Springs,Moulmein Rise,Bluefields Investments Pte Ltd,62,0,0,0,62,0,0,0,62,0,0,62,0,62,38,24,0,0,0,Jan 2001
The Springside,Jalan Ulu Seletar/Sembawang Road,Kallang Development Pte Ltd,492,27,54,411,0,0,0,188,163,141,259,92,12,80,79,1,141,136,5,Jul 1994
The Sunnydale,Serangoon Avenue 3,MCL Land (Serangoon 2) Pte Ltd,70,0,0,0,0,70,0,0,0,70,0,0,0,0,0,0,70,70,0,May 1998
The Sunshine Development,Sunshine Terrace/Upper Serangoon Road,United Overseas Land Limited,45,0,0,0,45,0,0,0,45,0,0,45,0,45,39,6,0,0,0,Nov 2000
The Taipan,Jalan Hajijah,Novelty Properties Pte Ltd,26,0,0,0,26,0,0,0,26,0,0,26,0,26,18,8,0,0,0,Dec 2000
The Teneriffe,Garlick Avenue,Teneriffe Development Pte Ltd,148,0,0,148,0,0,0,0,148,0,0,148,0,148,143,5,0,0,0,Apr 2000
The Tessarina,Bukit Timah Road/Holland Road/Wilby Road,Welwyn Investment Pte Ltd,443,0,0,0,0,443,0,0,443,0,0,443,58,385,263,122,0,0,0,Feb 1999
The Tomlinson,Tomlinson Road,Chelville Investment Pte Ltd & Chelshire Investment Pte Ltd,29,0,0,0,29,0,0,0,29,0,0,29,29,0,0,0,0,0,0,Jan 1999
The Tresor,Duchess Road,Keppel Land Realty Pte Ltd,62,0,0,0,0,62,0,62,0,0,0,62,62,0,0,0,0,0,0,Oct 2001
The Trumps,Jalan Kembangan,Sureworth Developments Pte Ltd,189,0,0,0,0,189,0,0,189,0,0,189,0,189,52,137,0,0,0,Jan 2001
The Twins,Balmoral Crescent,The Twin Management Pte Ltd,16,0,0,0,16,0,0,0,16,0,0,16,0,16,8,8,0,0,0,Nov 1996
The Ventana,Pasir Panjang Hill,ACT Seaview Homes Pte Ltd,39,0,0,0,39,0,0,0,39,0,0,39,15,24,14,10,0,0,0,Nov 2000
The Vines,Sims Avenue East,Guan Hoe Development Pte Ltd,35,0,0,0,35,0,0,0,35,0,0,35,35,0,0,0,0,0,0,Jul 2002
The Warren,Choa Chu Kang Loop/Choa Chu Kang Way,MCL Land (Warren) Pte Ltd,699,0,0,0,0,699,0,0,699,0,0,699,0,699,699,0,0,0,0,Oct 2001
The Waterina,Lorong 40 Geylang,CRL Realty Pte Ltd,398,0,0,0,398,0,0,0,398,0,0,398,0,398,353,45,0,0,0,Nov 2001
The Yardley,Upper Serangoon Road,MCL Land (Serangoon) Pte Ltd,55,0,0,0,55,0,0,55,0,0,55,0,0,0,0,0,0,0,0,Sep 2002
Thomson Euro-Asia,Moulmein Road/Thomson Road,Euro-Asia Realty Pte Ltd,136,0,0,0,0,136,0,0,0,136,0,0,0,0,0,0,136,133,3,Oct 1997
Thomson Vale,Thomson Road,Wah Khiaw Properties Pte Ltd,10,0,0,0,10,0,0,0,0,10,0,0,0,0,0,0,10,8,2,Jan 2001
Toh Tuck Lodge,Toh Tuck Road,Sustained Development Pte Ltd,10,0,0,0,10,0,0,0,10,0,0,10,0,10,2,8,0,0,0,Aug 2001
Trevose 12,Trevose Crescent,Peak View Properties Pte Ltd,12,12,0,0,0,0,0,0,0,12,0,0,0,0,0,0,12,1,11,Sep 2000
Tropical Spring,Simei Street 4,NCH (Tampines) Pte Ltd,242,0,0,0,0,242,0,0,0,242,0,0,0,0,0,0,242,212,30,Oct 1999
Trusville,Paya Lebar Crescent,Sino Holdings (S) Pte Ltd,11,0,0,11,0,0,0,0,11,0,0,11,0,11,11,0,0,0,0,Jun 2001
Valvista (Land Parcel 619),Chuan Drive/Jalan Nira,Valvista Properties Pte Ltd,4,0,0,4,0,0,0,0,4,0,0,4,0,4,3,1,0,0,0,Jul 2001
Valvista (Land Parcels 617 & 618),Chuan View/Chuan Drive,Valvista Properties Pte Ltd,17,0,0,17,0,0,0,0,17,0,0,17,0,17,6,11,0,0,0,Jan 2002
Valvista (Land Parcels 623 & 624),Chuan View/Chuan Terrace,Valvista Properties Pte Ltd,19,0,0,19,0,0,0,0,19,0,0,19,0,19,10,9,0,0,0,Jan 2002
Veranda,Lorong K Telok Kurau,Roxy Homes Pte Ltd,24,0,0,0,24,0,0,24,0,0,0,24,0,24,18,6,0,0,0,Jun 2001
Villa De Jervois (plot 1),Jervois Hill,Hong Leong Holdings Ltd,1,1,0,0,0,0,0,1,0,0,1,0,0,0,0,0,0,0,0,May 1997
Villa De Jervois (plot 10),Jervois Hill,Hong Leong Holdings Ltd,1,1,0,0,0,0,0,1,0,0,1,0,0,0,0,0,0,0,0,Jul 1997
Villa De Jervois (plot 11),Jervois Hill,Hong Leong Holdings Ltd,1,1,0,0,0,0,0,1,0,0,1,0,0,0,0,0,0,0,0,Jul 1997
Villa De Jervois (plot 12),Jervois Hill,Hong Leong Holdings Ltd,1,1,0,0,0,0,0,1,0,0,1,0,0,0,0,0,0,0,0,Apr 1997
Villa De Jervois (plot 13),Jervois Hill,Hong Leong Holdings Ltd,1,1,0,0,0,0,0,1,0,0,1,0,0,0,0,0,0,0,0,Jun 1997
Villa De Jervois (plot 14),Jervois Hill,Hong Leong Holdings Ltd,1,1,0,0,0,0,0,1,0,0,1,0,0,0,0,0,0,0,0,Jun 1997
Villa De Jervois (plot 15),Jervois Hill,Hong Leong Holdings Ltd,1,1,0,0,0,0,0,1,0,0,1,0,0,0,0,0,0,0,0,Jun 1997
Villa De Jervois (plot 16),Jervois Hill,Hong Leong Holdings Ltd,1,1,0,0,0,0,0,1,0,0,1,0,0,0,0,0,0,0,0,Jul 1997
Villa De Jervois (plot 17),Jervois Hill,Hong Leong Holdings Ltd,1,1,0,0,0,0,0,1,0,0,1,0,0,0,0,0,0,0,0,Jul 1997
Villa De Jervois (plot 18),Jervois Hill,Hong Leong Holdings Ltd,1,1,0,0,0,0,0,1,0,0,1,0,0,0,0,0,0,0,0,Jun 1997
Villa De Jervois (plot 19),Jervois Hill,Hong Leong Holdings Ltd,1,1,0,0,0,0,0,1,0,0,1,0,0,0,0,0,0,0,0,Jun 1997
Villa De Jervois (plot 2),Jervois Hill,Hong Leong Holdings Ltd,1,1,0,0,0,0,0,1,0,0,1,0,0,0,0,0,0,0,0,May 1997
Villa De Jervois (plot 3),Jervois Hill,Hong Leong Holdings Ltd,1,1,0,0,0,0,0,1,0,0,1,0,0,0,0,0,0,0,0,May 1997
Villa De Jervois (plot 4),Jervois Hill,Hong Leong Holdings Ltd,1,1,0,0,0,0,0,1,0,0,1,0,0,0,0,0,0,0,0,Mar 1996
Villa De Jervois (plot 5),Jervois Hill,Hong Leong Holdings Ltd,1,1,0,0,0,0,0,1,0,0,1,0,0,0,0,0,0,0,0,May 1997
Villa De Jervois (plot 6),Jervois Hill,Hong Leong Holdings Ltd,1,1,0,0,0,0,0,1,0,0,1,0,0,0,0,0,0,0,0,Mar 1996
Villa De Jervois (plot 7),Jervois Hill,Hong Leong Holdings Ltd,1,1,0,0,0,0,0,1,0,0,1,0,0,0,0,0,0,0,0,May 1997
Villa De Jervois (plot 8),Jervois Hill,Hong Leong Holdings Ltd,1,1,0,0,0,0,0,1,0,0,1,0,0,0,0,0,0,0,0,Jul 1997
Villa De Jervois (plot 9),Jervois Hill,Hong Leong Holdings Ltd,1,1,0,0,0,0,0,1,0,0,1,0,0,0,0,0,0,0,0,May 1997
Villas Holland,Bukit Sedap Road,Bullion Properties Pte Ltd,5,5,0,0,0,0,0,0,2,3,0,2,0,2,0,2,3,2,1,Jun 1995
Vina Lodge,Sirat Road,Vinasin Development Pte Ltd,12,0,0,0,12,0,0,0,0,12,0,0,0,0,0,0,12,8,4,Feb 2000
Vistaya View,Paya Lebar Road,Hillwood Development Pte Ltd,117,0,0,0,117,0,0,0,0,117,0,0,0,0,0,0,117,114,3,Jan 1996
Water Place,Tanjong Rhu Road,Tanjong Properties Pte Ltd,437,0,0,0,0,437,0,0,437,0,0,437,77,360,211,149,0,0,0,Mar 1999
Wharton Vale,Sophia Road,Skyline Development Pte Ltd,14,0,0,0,14,0,0,0,0,14,0,0,0,0,0,0,14,14,0,Oct 1996
Whitewater,Pasir Ris Street 72,Whitewater Properties Pte Ltd,397,0,0,0,0,0,397,397,0,0,397,0,0,0,0,0,0,0,0,Sep 2002
Wilkie Regency,Wilkie Terrace,Papageno Investment Pte Ltd,30,0,0,0,30,0,0,0,0,30,0,0,0,0,0,0,30,30,0,Jan 2000
Wilkie Studio,Wilkie Road/Upper Wilkie Road,City Developments Ltd,46,0,0,0,46,0,0,0,46,0,0,46,46,0,0,0,0,0,0,Jul 1997
Woodleigh Gardens,Woodleigh Close,Woodleigh Gardens Pte Ltd,232,0,0,0,0,232,0,0,232,0,232,0,0,0,0,0,0,0,0,Oct 1997
deparadiso,Martaban Road,Citiraya Development Pte Ltd,54,0,0,0,54,0,0,0,54,0,0,54,24,30,30,0,0,0,0,Jan 2002

